LotFrontage,Alley,MasVnrType,MasVnrArea,BsmtQual,BsmtCond,BsmtExposure,BsmtFinType1,BsmtFinType2,FireplaceQu,GarageType,GarageYrBlt,GarageFinish,GarageQual,GarageCond,PoolQC,Fence,MiscFeature
83.0,,Stone,0.0,Gd,TA,Av,Unf,Unf,,Attchd,2007.0,RFn,TA,TA,,,
70.0,,,0.0,,,,,,,CarPort,1962.0,Unf,TA,TA,,,
50.0,,,0.0,TA,TA,No,Unf,Unf,Gd,BuiltIn,1929.0,RFn,TA,TA,,,
52.0,,,0.0,Gd,TA,Mn,Rec,Unf,,Detchd,1925.0,Unf,Fa,TA,,,
,,,0.0,TA,TA,No,ALQ,Rec,Po,Attchd,1960.0,RFn,TA,TA,,GdWo,
65.0,,,0.0,TA,TA,No,Unf,Unf,,Detchd,1967.0,Unf,TA,TA,,,
80.0,,,0.0,TA,TA,No,Rec,Unf,,Detchd,1963.0,Unf,TA,TA,,MnPrv,
32.0,,BrkFace,116.0,Ex,TA,No,GLQ,Unf,,Attchd,1998.0,Unf,TA,TA,,,
71.0,,,0.0,Ex,TA,No,ALQ,Unf,TA,BuiltIn,2001.0,Fin,TA,TA,,,
52.0,Grvl,,0.0,TA,TA,No,BLQ,Unf,,Detchd,1962.0,Unf,TA,TA,,,
70.0,,,0.0,TA,TA,No,Rec,Unf,,Attchd,1957.0,RFn,TA,TA,,,
71.0,,BrkFace,166.0,TA,TA,Mn,GLQ,Unf,,Detchd,1977.0,Unf,TA,TA,,MnPrv,
60.0,,,0.0,Gd,TA,No,GLQ,Unf,,Attchd,2005.0,Fin,TA,TA,,,
70.0,,,0.0,TA,TA,No,Unf,Unf,,Detchd,1974.0,Unf,TA,TA,,GdWo,
,,,0.0,Gd,TA,Av,ALQ,LwQ,Gd,Attchd,1976.0,Fin,TA,TA,,,
36.0,,,0.0,TA,TA,Av,BLQ,Unf,Fa,Attchd,1972.0,Unf,TA,TA,,,
34.0,Grvl,,0.0,TA,TA,No,Unf,Unf,,Detchd,1916.0,Unf,Fa,Fa,,,
35.0,,BrkFace,218.0,Gd,TA,No,GLQ,Unf,,Detchd,1999.0,Unf,TA,TA,,,
51.0,,,0.0,TA,TA,No,Unf,Unf,,Detchd,1995.0,Unf,TA,TA,,MnPrv,
44.0,,,0.0,Gd,TA,No,GLQ,Unf,TA,Attchd,1976.0,Unf,TA,TA,,,
108.0,,BrkFace,165.0,Gd,TA,No,Unf,Unf,TA,BuiltIn,1999.0,Fin,TA,TA,,,
71.0,,,0.0,TA,TA,No,ALQ,Unf,,Attchd,1983.0,Unf,TA,TA,,,
80.0,,BrkFace,360.0,TA,TA,Gd,GLQ,LwQ,,Attchd,1964.0,RFn,TA,TA,,,
37.0,,BrkFace,170.0,Gd,TA,Av,GLQ,Unf,,Attchd,2003.0,Fin,TA,TA,,,
56.0,,,0.0,Fa,TA,No,Unf,Unf,,,,,,,,,
85.0,,Stone,226.0,Gd,TA,Gd,GLQ,Unf,Gd,Attchd,2003.0,Fin,TA,TA,,,
50.0,,,0.0,TA,TA,No,Rec,Unf,,Attchd,1941.0,Unf,TA,TA,,,
95.0,,BrkFace,1115.0,Gd,TA,Gd,ALQ,Unf,Gd,Attchd,1973.0,Fin,TA,TA,,,
73.0,,BrkFace,442.0,Ex,TA,Av,GLQ,Unf,Gd,Attchd,2003.0,Fin,TA,TA,,,
59.0,Pave,,0.0,Gd,TA,Mn,GLQ,Unf,,Attchd,2004.0,RFn,TA,TA,,,
60.0,,,0.0,Fa,Fa,Mn,Unf,Unf,,Detchd,1920.0,Fin,TA,Fa,,,
40.0,,,0.0,TA,Fa,No,Unf,Unf,,,,,,,,MnPrv,
83.0,,Stone,450.0,Ex,TA,Av,GLQ,Unf,Gd,Attchd,2010.0,Fin,TA,TA,,,
50.0,,,0.0,TA,TA,No,Unf,Unf,,Detchd,1988.0,Unf,TA,TA,,,Shed
21.0,,BrkFace,80.0,TA,TA,No,Unf,Unf,,Attchd,1970.0,Unf,TA,TA,,,
118.0,,BrkFace,150.0,Gd,TA,No,Unf,Unf,TA,Attchd,2001.0,RFn,TA,TA,,,
80.0,,BrkFace,125.0,Gd,TA,No,GLQ,Unf,TA,Attchd,1993.0,RFn,TA,TA,,,
51.0,,BrkFace,130.0,Gd,TA,No,ALQ,Unf,TA,Attchd,2007.0,RFn,TA,TA,,,
103.0,,,0.0,Ex,TA,Mn,BLQ,GLQ,TA,Attchd,1991.0,RFn,TA,TA,,GdPrv,
64.0,,BrkFace,32.0,Gd,TA,Av,GLQ,Unf,Gd,Attchd,2006.0,RFn,TA,TA,,,
53.0,,BrkFace,72.0,Ex,TA,Av,Unf,Unf,Gd,Attchd,2007.0,Fin,TA,TA,,,
90.0,,BrkFace,234.0,Gd,TA,Mn,ALQ,BLQ,TA,Attchd,1990.0,RFn,TA,TA,,,
80.0,,BrkFace,387.0,TA,TA,No,Rec,Unf,Gd,Attchd,1957.0,RFn,TA,TA,,,
50.0,,,0.0,TA,TA,No,ALQ,Unf,,,,,,,,,
,,BrkFace,178.0,Gd,TA,Gd,Unf,Unf,TA,Attchd,2001.0,RFn,TA,TA,,,
100.0,,BrkCmn,272.0,TA,TA,No,Rec,Unf,TA,Attchd,1964.0,RFn,TA,TA,,GdPrv,
78.0,,Stone,468.0,Gd,TA,No,GLQ,Unf,Gd,Attchd,2007.0,RFn,TA,TA,,,
101.0,,BrkFace,305.0,Gd,TA,Gd,GLQ,Unf,Gd,Basment,1962.0,RFn,TA,TA,,,
65.0,,,0.0,TA,TA,No,GLQ,BLQ,Gd,Detchd,1973.0,Unf,TA,TA,,MnPrv,
107.0,,,,Ex,Gd,Gd,GLQ,Unf,Gd,Attchd,2006.0,Fin,TA,TA,,,
64.0,,,0.0,,,,,,,Attchd,1979.0,Unf,TA,TA,,,
63.0,,,0.0,Gd,TA,No,ALQ,Unf,,Detchd,2006.0,Unf,TA,TA,,,
50.0,,,0.0,TA,TA,No,ALQ,Unf,,Detchd,1930.0,Unf,TA,TA,,,
,,,,Gd,TA,No,GLQ,Unf,TA,BuiltIn,2002.0,Fin,TA,TA,,,
53.0,,,0.0,TA,TA,No,Rec,Unf,Gd,Detchd,1941.0,Unf,TA,TA,,MnPrv,
65.0,,,0.0,TA,TA,No,BLQ,Unf,TA,Detchd,1981.0,Unf,TA,TA,,MnPrv,
61.0,,BrkCmn,192.0,TA,TA,Mn,Rec,Unf,,Attchd,1961.0,Unf,TA,TA,,,
65.0,,,0.0,Gd,TA,No,GLQ,Unf,,Attchd,1996.0,Unf,TA,TA,,,
,,BrkFace,232.0,TA,TA,Av,ALQ,LwQ,Po,Attchd,1969.0,RFn,TA,TA,,MnPrv,Shed
,Pave,,0.0,TA,TA,No,Unf,Unf,,Detchd,1930.0,Unf,TA,TA,,,
85.0,,BrkFace,296.0,Gd,TA,No,GLQ,,Gd,Attchd,2003.0,RFn,TA,TA,,,
98.0,,,0.0,TA,TA,No,LwQ,Unf,,Detchd,1963.0,Unf,TA,TA,,MnWw,
80.0,,BrkFace,168.0,TA,TA,No,Unf,Unf,,Attchd,1969.0,Unf,TA,TA,,,
24.0,,,0.0,TA,TA,No,ALQ,Rec,Fa,Attchd,1974.0,Unf,TA,TA,,,
93.0,,BrkFace,125.0,Gd,TA,No,Unf,Unf,,Attchd,1999.0,RFn,TA,TA,,,
,,BrkFace,180.0,TA,TA,No,Rec,Unf,,Attchd,1959.0,RFn,TA,TA,,MnPrv,
84.0,,,0.0,Gd,TA,No,Unf,Unf,,Attchd,2007.0,Fin,TA,TA,,,
60.0,,BrkFace,206.0,TA,Fa,No,BLQ,Unf,Gd,Detchd,1948.0,Unf,TA,TA,,,
107.0,,,0.0,Fa,TA,Mn,BLQ,Unf,,CarPort,1920.0,Unf,Fa,Fa,,,
,,BrkFace,312.0,TA,TA,No,BLQ,Unf,TA,Attchd,1939.0,Unf,TA,TA,,,
98.0,,Stone,200.0,Ex,TA,No,GLQ,Unf,Gd,Attchd,2008.0,RFn,TA,TA,,,
65.0,,,0.0,TA,TA,No,BLQ,Unf,TA,Attchd,1961.0,Unf,TA,TA,,,
120.0,,,0.0,TA,TA,No,Rec,Unf,TA,Basment,1935.0,Unf,TA,TA,,,
50.0,Grvl,,0.0,TA,TA,No,LwQ,Unf,,Detchd,1948.0,Unf,TA,TA,,MnWw,
59.0,,,0.0,TA,TA,No,Unf,Unf,Gd,Detchd,1920.0,Unf,TA,TA,,MnPrv,
44.0,,Stone,174.0,Ex,TA,Gd,GLQ,Unf,Gd,Attchd,2004.0,Fin,TA,TA,,,
100.0,,BrkFace,180.0,TA,TA,No,Rec,BLQ,,Attchd,1964.0,RFn,TA,TA,,,
87.0,,,0.0,Gd,TA,No,ALQ,BLQ,TA,Attchd,1990.0,Unf,TA,TA,,,
60.0,,,0.0,TA,TA,No,Unf,Unf,,Detchd,1940.0,Unf,TA,TA,,,
98.0,,BrkFace,362.0,Ex,TA,Av,GLQ,Unf,TA,Attchd,1994.0,RFn,TA,TA,,,
77.0,,Stone,340.0,Ex,TA,Gd,GLQ,Unf,TA,BuiltIn,2006.0,RFn,TA,TA,,,
75.0,,BrkFace,202.0,Gd,TA,Av,ALQ,Unf,TA,Attchd,1998.0,Fin,TA,TA,,,
130.0,,,0.0,TA,Fa,No,Rec,Unf,TA,Detchd,1940.0,Unf,TA,TA,,,
77.0,,BrkFace,336.0,Gd,TA,No,Unf,Unf,TA,Attchd,1985.0,Fin,TA,TA,,,
69.0,,BrkFace,85.0,TA,TA,No,Rec,BLQ,,2Types,1998.0,RFn,TA,TA,,MnWw,
83.0,,,0.0,Ex,TA,Av,Unf,Unf,,Attchd,2009.0,RFn,TA,TA,,,
21.0,,BrkFace,281.0,TA,TA,No,BLQ,Unf,,Detchd,1972.0,Unf,TA,TA,,,
,,BrkCmn,41.0,TA,TA,No,Unf,Unf,,Attchd,1966.0,Unf,TA,TA,,MnPrv,
60.0,,,0.0,TA,TA,Mn,LwQ,Unf,,Detchd,1965.0,Unf,TA,TA,,,
50.0,,,0.0,,,,,,,,,,,,,,
90.0,,,0.0,Gd,TA,No,Unf,Unf,,,,,,,,,
96.0,,,0.0,Gd,TA,Mn,Unf,Unf,,Detchd,1914.0,Unf,Fa,Fa,,,
68.0,,,0.0,TA,Fa,No,Unf,Unf,,Attchd,1958.0,Unf,TA,TA,,,
100.0,,,0.0,TA,TA,No,ALQ,Unf,Fa,Attchd,1974.0,Unf,TA,TA,,MnPrv,
73.0,,BrkFace,228.0,Gd,TA,Av,Unf,Unf,,Attchd,2005.0,RFn,TA,TA,,,
40.0,,,0.0,TA,TA,No,ALQ,Unf,,,,,,,,,
59.0,,Stone,146.0,Gd,TA,Av,GLQ,Unf,Gd,Attchd,2004.0,RFn,TA,TA,,,
120.0,,BrkFace,216.0,Fa,Fa,No,Unf,Unf,TA,Attchd,1968.0,RFn,TA,TA,,,
93.0,,Stone,100.0,Ex,TA,Gd,GLQ,Unf,Gd,Attchd,2006.0,Fin,TA,TA,,,
140.0,,,0.0,TA,TA,No,LwQ,Unf,,Detchd,1951.0,Unf,TA,TA,,,
60.0,,,0.0,TA,TA,No,Rec,Unf,TA,Detchd,1956.0,Unf,TA,TA,,,
63.0,,,0.0,TA,TA,No,Unf,Unf,,Attchd,1940.0,Unf,Fa,TA,,,
104.0,,BrkFace,160.0,Gd,TA,No,ALQ,Unf,TA,Attchd,1976.0,Fin,TA,TA,,MnPrv,
82.0,,BrkFace,206.0,Gd,TA,No,ALQ,Unf,TA,Attchd,1978.0,RFn,TA,TA,,,
,Grvl,,0.0,TA,TA,No,Rec,Unf,,Detchd,1926.0,Unf,TA,TA,,,
58.0,,,0.0,Gd,TA,Av,Unf,Unf,Gd,BuiltIn,2006.0,Fin,TA,TA,,,
,,Stone,126.0,Gd,TA,No,ALQ,Unf,TA,Attchd,1977.0,Fin,TA,TA,,,
65.0,,,0.0,TA,TA,No,GLQ,BLQ,Gd,Detchd,1973.0,Unf,TA,TA,,MnPrv,
50.0,,,0.0,,,,,,,,,,,,,,
84.0,,BrkFace,350.0,Gd,TA,Av,GLQ,Unf,TA,Attchd,2000.0,RFn,TA,TA,,,
70.0,,,0.0,Gd,TA,Gd,GLQ,Unf,,,,,,,,,
73.0,,,0.0,Gd,TA,Mn,Unf,Unf,,Attchd,2006.0,RFn,TA,TA,,,
40.0,,,0.0,TA,TA,No,BLQ,Unf,,Detchd,1922.0,Unf,TA,TA,,MnPrv,
88.0,,,0.0,TA,TA,Av,ALQ,Unf,,Detchd,1987.0,Unf,TA,TA,,MnPrv,Shed
107.0,,Stone,436.0,Ex,TA,Gd,GLQ,Unf,Gd,Attchd,2007.0,RFn,TA,TA,,,
118.0,,BrkFace,150.0,Gd,TA,No,Unf,Unf,TA,Attchd,2001.0,RFn,TA,TA,,,
60.0,,BrkFace,246.0,Ex,TA,No,GLQ,Unf,Gd,Attchd,2005.0,Fin,TA,TA,,,
,,,0.0,Gd,TA,No,Unf,Unf,,Attchd,1987.0,RFn,TA,TA,,,
,,,0.0,TA,TA,No,Rec,Unf,TA,,,,,,,GdWo,
50.0,,,0.0,Fa,Fa,Mn,Unf,Unf,TA,Detchd,1954.0,Unf,TA,TA,,,
75.0,,,0.0,TA,TA,No,Unf,Unf,Gd,Detchd,1908.0,Unf,Fa,TA,,,
60.0,,,0.0,TA,TA,No,ALQ,Unf,,Detchd,1940.0,Unf,TA,TA,,,
53.0,,BrkFace,72.0,Ex,TA,Av,Unf,Unf,Gd,Attchd,2007.0,Fin,TA,TA,,,
83.0,,,0.0,Ex,TA,Av,Unf,Unf,,Attchd,2009.0,RFn,TA,TA,,,
60.0,,,0.0,TA,TA,No,Rec,Unf,,Detchd,1957.0,Unf,TA,TA,,,
,,,0.0,TA,TA,No,BLQ,Unf,,Attchd,1973.0,RFn,TA,TA,,,
66.0,Pave,BrkFace,1600.0,Gd,TA,No,BLQ,Unf,TA,Detchd,1997.0,RFn,TA,TA,,,
82.0,,BrkFace,70.0,TA,TA,No,Unf,Unf,,2Types,1989.0,Unf,TA,TA,,,
50.0,,,0.0,TA,TA,No,Rec,Unf,,Attchd,1957.0,Fin,TA,TA,,,
78.0,,,0.0,TA,TA,No,Unf,Unf,Gd,Attchd,1948.0,Unf,TA,TA,,,
,,,0.0,TA,TA,No,ALQ,Unf,,Attchd,1956.0,RFn,TA,TA,,,
64.0,,Stone,72.0,Gd,TA,Av,Unf,Unf,,Attchd,2008.0,RFn,TA,TA,,,
82.0,,BrkFace,466.0,Ex,Gd,No,Unf,Unf,Gd,BuiltIn,2006.0,Fin,TA,TA,,,
69.0,,,0.0,TA,TA,No,Rec,Unf,TA,Attchd,1957.0,Fin,TA,TA,,MnWw,
53.0,,,0.0,Gd,Gd,Av,GLQ,Unf,Gd,Attchd,2006.0,Fin,TA,TA,,,
50.0,,,0.0,TA,TA,No,BLQ,GLQ,,Detchd,1948.0,Unf,TA,TA,,MnPrv,
67.0,,,,Gd,TA,No,GLQ,Unf,,Attchd,2003.0,RFn,TA,TA,,,
75.0,,Stone,36.0,Gd,TA,Av,GLQ,Unf,,Attchd,2008.0,RFn,TA,TA,,,
,,,0.0,Gd,TA,No,GLQ,Unf,Gd,Attchd,1992.0,RFn,TA,TA,,,
60.0,,,0.0,TA,TA,No,Unf,Unf,Gd,Detchd,1926.0,Unf,TA,TA,,,
,,,0.0,Gd,TA,No,ALQ,Unf,TA,Attchd,1977.0,RFn,TA,TA,,,
105.0,,,0.0,TA,Fa,No,Unf,Unf,,,,,,,,MnPrv,
70.0,,,0.0,TA,TA,No,Unf,Unf,,Detchd,1974.0,Unf,TA,TA,,GdWo,
71.0,,BrkFace,166.0,TA,TA,Mn,GLQ,Unf,,Detchd,1977.0,Unf,TA,TA,,MnPrv,
,Pave,,0.0,TA,TA,No,Rec,Unf,,Detchd,1940.0,Unf,TA,TA,,,
92.0,,BrkFace,84.0,Ex,TA,No,Unf,Unf,Gd,BuiltIn,2009.0,Fin,TA,TA,,,
59.0,,,0.0,TA,TA,No,Unf,Unf,,Attchd,1955.0,Unf,TA,TA,,,
60.0,,BrkFace,136.0,Gd,TA,No,Rec,Unf,,,,,,,,,
99.0,,,0.0,TA,TA,No,Rec,LwQ,,Detchd,1966.0,RFn,TA,TA,,MnPrv,
,,,344.0,Gd,TA,No,GLQ,Unf,TA,Attchd,1999.0,Fin,TA,TA,,,
108.0,,BrkFace,165.0,Gd,TA,No,Unf,Unf,TA,BuiltIn,1999.0,Fin,TA,TA,,,
50.0,Grvl,,0.0,TA,TA,No,LwQ,Unf,,Detchd,1948.0,Unf,TA,TA,,MnWw,
,,BrkFace,30.0,TA,TA,No,BLQ,Unf,Gd,Attchd,1960.0,Unf,TA,TA,,,
73.0,,,0.0,TA,TA,No,GLQ,Unf,,Detchd,1957.0,Unf,TA,TA,,,
75.0,,BrkFace,243.0,TA,TA,No,Rec,Unf,,Attchd,1958.0,RFn,TA,TA,,,Shed
24.0,,,0.0,Gd,TA,No,LwQ,GLQ,TA,Attchd,1980.0,Fin,TA,TA,,GdPrv,
80.0,,BrkFace,237.0,TA,TA,No,Unf,Unf,Gd,Attchd,1962.0,RFn,TA,TA,,GdPrv,
60.0,,,0.0,TA,Fa,Mn,Rec,Unf,Gd,Detchd,1900.0,Unf,TA,TA,,,
,,BrkFace,571.0,TA,TA,No,Unf,Unf,TA,Attchd,1970.0,RFn,TA,TA,,,
60.0,,,0.0,TA,TA,Mn,Unf,Unf,Po,Detchd,2003.0,Unf,TA,TA,,MnPrv,Shed
98.0,,BrkFace,975.0,Gd,TA,No,GLQ,Unf,TA,Attchd,1998.0,Fin,TA,TA,,,
70.0,,BrkFace,113.0,Gd,TA,Av,GLQ,Unf,,Attchd,2002.0,RFn,TA,TA,,,
60.0,,,0.0,TA,TA,Mn,Rec,Unf,,Detchd,1939.0,Unf,TA,TA,,MnPrv,
60.0,Grvl,,0.0,TA,TA,No,LwQ,BLQ,,Detchd,1977.0,Unf,TA,TA,,,
87.0,,Stone,250.0,Ex,TA,Av,Unf,Unf,Gd,Attchd,2006.0,RFn,TA,TA,,,
63.0,,,0.0,TA,TA,No,ALQ,Unf,,Detchd,1976.0,Unf,TA,TA,,,
91.0,,BrkFace,368.0,TA,TA,No,LwQ,Unf,,Detchd,1969.0,Unf,TA,TA,,,
50.0,,,0.0,TA,TA,No,ALQ,Unf,,Detchd,1981.0,Unf,TA,TA,,,
60.0,,,0.0,,,,,,,Detchd,1946.0,Unf,TA,TA,,,
90.0,,BrkFace,256.0,Gd,TA,Gd,GLQ,Unf,TA,Attchd,1993.0,RFn,TA,TA,,,
,,,0.0,Gd,TA,No,Unf,Unf,TA,BuiltIn,1993.0,RFn,TA,TA,,MnPrv,
61.0,,,0.0,TA,TA,No,BLQ,LwQ,,Detchd,1981.0,Unf,TA,TA,,,
75.0,,,0.0,TA,TA,No,BLQ,LwQ,,Attchd,1965.0,Fin,TA,TA,,,
50.0,,,0.0,TA,TA,No,Unf,Unf,Gd,Detchd,1969.0,Unf,TA,TA,,,
,,Stone,351.0,Gd,TA,Gd,GLQ,Unf,TA,Attchd,1971.0,Unf,TA,TA,,,
74.0,,,0.0,TA,TA,Av,ALQ,Unf,,Detchd,1996.0,Unf,TA,TA,,,
,,BrkCmn,621.0,TA,TA,Av,Rec,Unf,,Attchd,1964.0,Unf,TA,TA,,,
82.0,,,0.0,Gd,TA,No,GLQ,Unf,,Detchd,2000.0,Unf,TA,TA,,GdPrv,
105.0,,,0.0,Gd,TA,No,Unf,Unf,,Attchd,2006.0,RFn,TA,TA,,,
100.0,,Stone,760.0,Ex,TA,Gd,GLQ,Unf,Gd,Attchd,2009.0,Fin,TA,TA,,,
69.0,,Stone,270.0,Ex,TA,No,Unf,Unf,Gd,BuiltIn,2007.0,Fin,TA,TA,,,
,,,0.0,Gd,TA,No,Unf,Unf,TA,Attchd,1994.0,Fin,TA,TA,,,Shed
80.0,,,0.0,TA,TA,No,BLQ,LwQ,,Attchd,1954.0,Unf,TA,TA,,,
,,,0.0,Gd,TA,Av,BLQ,ALQ,,Attchd,1983.0,Unf,TA,TA,,MnPrv,
128.0,,BrkFace,90.0,TA,TA,No,BLQ,Unf,TA,Attchd,1953.0,RFn,TA,TA,,,
21.0,,BrkFace,142.0,TA,TA,No,Unf,Unf,,Detchd,1991.0,Unf,TA,TA,,,
,,Stone,288.0,TA,TA,Gd,ALQ,Unf,Gd,Attchd,1965.0,Unf,TA,TA,,GdPrv,
80.0,,BrkFace,42.0,Gd,TA,No,GLQ,Unf,TA,Attchd,1988.0,Unf,TA,TA,,MnPrv,Shed
,,BrkFace,359.0,Gd,TA,Av,ALQ,Unf,Gd,Attchd,1967.0,RFn,TA,TA,,,
65.0,,,0.0,Gd,Gd,No,Unf,Unf,,Attchd,2006.0,RFn,TA,TA,,,
69.0,,Stone,270.0,Ex,TA,No,Unf,Unf,Gd,BuiltIn,2007.0,Fin,TA,TA,,,
81.0,,,0.0,Gd,Gd,No,Unf,Unf,Gd,Attchd,2006.0,RFn,TA,TA,,,
,,,0.0,TA,TA,No,Unf,Unf,Gd,Detchd,1982.0,Unf,TA,TA,,,
60.0,,,0.0,TA,TA,No,Rec,Unf,Gd,Detchd,1925.0,Unf,TA,TA,,,
96.0,,BrkFace,651.0,Gd,TA,Gd,GLQ,Unf,TA,Attchd,1993.0,RFn,TA,TA,,,
107.0,,Stone,436.0,Ex,TA,Gd,GLQ,Unf,Gd,Attchd,2007.0,RFn,TA,TA,,,
44.0,,Stone,128.0,Gd,TA,Mn,GLQ,Unf,Gd,Attchd,2010.0,RFn,TA,TA,,,
,,,0.0,TA,TA,No,Unf,Unf,Gd,Attchd,1968.0,RFn,TA,TA,,,
66.0,,,0.0,Gd,TA,No,GLQ,Unf,TA,BuiltIn,1998.0,Fin,TA,TA,,,
100.0,,BrkFace,272.0,TA,TA,No,BLQ,Unf,Gd,Attchd,1964.0,RFn,TA,TA,,,
65.0,,,0.0,TA,TA,Gd,GLQ,Unf,Gd,Attchd,1968.0,Unf,TA,TA,,,
76.0,,,0.0,Gd,TA,No,Unf,Unf,TA,BuiltIn,2000.0,RFn,TA,TA,,,
86.0,,,0.0,Gd,TA,No,BLQ,Unf,Gd,Detchd,1918.0,Unf,TA,TA,,,
92.0,,BrkFace,120.0,TA,TA,Av,BLQ,Rec,,BuiltIn,1958.0,Unf,TA,TA,,,
,,,,TA,TA,No,Rec,Unf,TA,Attchd,1975.0,RFn,TA,TA,,,
61.0,,Stone,270.0,Ex,TA,Gd,Unf,Unf,Gd,Attchd,2008.0,RFn,TA,TA,,,
,,,0.0,TA,TA,No,ALQ,Unf,,Detchd,1962.0,Unf,TA,TA,,,
80.0,,,0.0,TA,TA,No,BLQ,Unf,TA,Attchd,1961.0,RFn,TA,TA,,GdWo,Shed
60.0,Grvl,,0.0,TA,Fa,No,Unf,Unf,,2Types,1920.0,Unf,Fa,Fa,,,
65.0,,,0.0,Gd,TA,Av,GLQ,Unf,Gd,Attchd,2005.0,Fin,TA,TA,,,
21.0,,BrkFace,232.0,TA,TA,No,ALQ,Unf,,Detchd,1971.0,Unf,TA,TA,,,
60.0,,,0.0,,,,,,,Detchd,1950.0,Unf,TA,TA,,,
41.0,,,0.0,Gd,TA,No,GLQ,Unf,TA,Attchd,1993.0,RFn,TA,TA,,,
60.0,,,0.0,TA,TA,No,LwQ,Unf,Gd,Attchd,1949.0,Unf,TA,TA,,,
24.0,,,0.0,Gd,TA,No,ALQ,Unf,TA,Attchd,1978.0,Unf,TA,TA,,,
,,,0.0,Gd,TA,Av,BLQ,ALQ,,Attchd,1983.0,Unf,TA,TA,,MnPrv,
,,,0.0,TA,TA,No,BLQ,Unf,,Attchd,1973.0,RFn,TA,TA,,,
80.0,,BrkFace,360.0,TA,TA,Gd,GLQ,LwQ,,Attchd,1964.0,RFn,TA,TA,,,
85.0,,BrkFace,337.0,Gd,TA,No,GLQ,Unf,TA,Attchd,1992.0,Fin,TA,TA,,,
90.0,,BrkFace,420.0,TA,TA,No,ALQ,Unf,TA,Attchd,1968.0,RFn,TA,TA,,,
60.0,,,0.0,,,,,,,Detchd,1950.0,Unf,TA,TA,,,
60.0,,,0.0,TA,TA,No,ALQ,Rec,,Detchd,1956.0,Unf,TA,TA,,,
,,BrkFace,68.0,Gd,Gd,No,ALQ,Unf,TA,BuiltIn,1993.0,Fin,TA,TA,,,Shed
70.0,,BrkFace,109.0,Gd,TA,Av,GLQ,Unf,,Attchd,2004.0,RFn,TA,TA,,,
84.0,,,0.0,Gd,TA,Mn,Unf,Unf,Gd,Attchd,2006.0,RFn,TA,TA,,,
80.0,,,0.0,Gd,TA,No,GLQ,Unf,TA,Attchd,1995.0,RFn,TA,TA,,,
,,BrkFace,247.0,Gd,TA,No,BLQ,Unf,Gd,Attchd,1963.0,RFn,TA,TA,,,
100.0,,,0.0,TA,TA,No,Unf,Unf,,Attchd,1954.0,RFn,TA,TA,,,
86.0,,,0.0,Gd,TA,No,BLQ,Unf,Gd,Detchd,1918.0,Unf,TA,TA,,,
61.0,,,0.0,TA,TA,No,BLQ,LwQ,,Detchd,1981.0,Unf,TA,TA,,,
61.0,,,0.0,Gd,TA,Mn,LwQ,Rec,,Detchd,1977.0,Unf,TA,TA,,,
60.0,,,0.0,TA,TA,No,Rec,Unf,Gd,Detchd,1928.0,Unf,TA,TA,,,
56.0,,BrkFace,579.0,Gd,TA,Av,GLQ,Unf,Ex,Attchd,1996.0,Fin,TA,TA,,,
50.0,Pave,,0.0,TA,TA,No,LwQ,Unf,Gd,Detchd,1924.0,Unf,TA,TA,,,
84.0,,BrkFace,196.0,Gd,TA,Av,GLQ,Unf,,Attchd,2005.0,RFn,TA,TA,,,
,,Stone,163.0,Gd,TA,No,Unf,Unf,Gd,Attchd,2003.0,RFn,TA,TA,,,
,,,0.0,Gd,TA,Av,GLQ,Unf,Ex,Attchd,1984.0,RFn,TA,TA,,,
43.0,,Stone,240.0,Gd,TA,Av,GLQ,Unf,Gd,Attchd,2005.0,RFn,TA,TA,,,
92.0,,BrkFace,270.0,TA,TA,No,ALQ,Unf,,,,,,,,,
49.0,,Stone,84.0,Gd,TA,Gd,GLQ,Unf,,Attchd,2007.0,Unf,TA,TA,,,
70.0,,BrkFace,109.0,Gd,TA,Av,GLQ,Unf,,Attchd,2004.0,RFn,TA,TA,,,
65.0,,,0.0,TA,TA,No,Unf,Unf,Gd,Detchd,1939.0,Unf,TA,TA,,,
,,,0.0,TA,TA,No,Rec,Unf,,Detchd,1966.0,Unf,TA,TA,,MnPrv,
21.0,,,0.0,TA,TA,No,Unf,Unf,TA,,,,,,,,
63.0,,,0.0,TA,TA,No,BLQ,Unf,Gd,,,,,,,,
90.0,Pave,,0.0,TA,TA,No,Rec,Unf,,Detchd,1948.0,Unf,TA,TA,,GdWo,
,,BrkCmn,161.0,TA,TA,No,LwQ,Unf,TA,Detchd,1950.0,Unf,TA,TA,,,
54.0,,,0.0,Gd,TA,Av,ALQ,Unf,,Detchd,1987.0,Unf,TA,TA,,,
21.0,,BrkFace,142.0,TA,TA,No,Unf,Unf,,Detchd,1991.0,Unf,TA,TA,,,
80.0,,BrkFace,340.0,TA,TA,Gd,BLQ,Rec,Fa,Attchd,1964.0,RFn,TA,TA,,MnWw,
,,,0.0,Gd,TA,No,GLQ,Unf,TA,BuiltIn,2002.0,Fin,TA,TA,,,
,,,0.0,TA,TA,Mn,BLQ,Rec,,Attchd,1969.0,Fin,TA,TA,,,
,,,0.0,,,,,,,Detchd,1957.0,Unf,TA,TA,,,
43.0,,BrkFace,16.0,Gd,TA,No,GLQ,Unf,TA,Attchd,2004.0,Fin,TA,TA,,,
64.0,,Stone,24.0,Gd,TA,Av,GLQ,Unf,,Attchd,2006.0,RFn,TA,TA,,,
85.0,,,0.0,Ex,TA,Av,Unf,Unf,,Attchd,2007.0,RFn,TA,TA,,,
71.0,,,0.0,TA,TA,No,ALQ,Unf,,Attchd,1983.0,Unf,TA,TA,,,
66.0,,,0.0,TA,TA,No,BLQ,Unf,,Attchd,1953.0,Unf,TA,TA,,,
73.0,,,0.0,Gd,TA,Mn,Unf,Unf,,Attchd,2006.0,RFn,TA,TA,,,
73.0,,BrkFace,442.0,Ex,TA,Av,GLQ,Unf,Gd,Attchd,2003.0,Fin,TA,TA,,,
77.0,,BrkFace,245.0,Gd,Gd,No,Unf,Unf,Gd,BuiltIn,2005.0,Fin,TA,TA,,,
,,,0.0,TA,TA,No,Unf,Unf,Gd,Attchd,1968.0,RFn,TA,TA,,,
60.0,,BrkFace,98.0,,,,,,Gd,Attchd,1957.0,RFn,TA,TA,,MnPrv,
81.0,,BrkFace,448.0,Gd,TA,No,GLQ,Unf,TA,Attchd,1994.0,RFn,TA,TA,,,
,,,0.0,TA,Gd,Gd,LwQ,ALQ,,Attchd,1967.0,Fin,TA,TA,,,
85.0,,BrkFace,292.0,Gd,TA,No,GLQ,Unf,Gd,BuiltIn,2003.0,RFn,TA,TA,,,
41.0,,,0.0,Gd,TA,No,Unf,Unf,Gd,BuiltIn,2004.0,Fin,TA,TA,,,
78.0,,BrkFace,183.0,Gd,TA,Av,ALQ,Unf,,Attchd,1999.0,RFn,TA,TA,,,
51.0,,,0.0,TA,TA,No,Unf,Unf,,Detchd,1936.0,Unf,TA,TA,,,
21.0,,BrkFace,285.0,TA,TA,No,BLQ,Unf,,Detchd,1973.0,Unf,TA,TA,,,
,Pave,,0.0,TA,TA,No,Unf,Unf,,Detchd,1930.0,Unf,TA,TA,,,
,,,0.0,Gd,TA,Av,GLQ,Unf,TA,Attchd,1978.0,RFn,TA,TA,,MnPrv,
64.0,,,0.0,,,,,,,Detchd,1979.0,Unf,TA,TA,,,
,,,,TA,TA,No,Rec,Unf,TA,Attchd,1975.0,RFn,TA,TA,,,
55.0,Pave,,0.0,TA,TA,No,Rec,Unf,,Detchd,1968.0,Unf,TA,TA,,,
73.0,,,0.0,Gd,Gd,Mn,GLQ,Unf,,Attchd,2006.0,RFn,TA,TA,,,
,,BrkFace,220.0,TA,TA,Mn,BLQ,Unf,Gd,Attchd,1968.0,Unf,TA,TA,,,
,,,0.0,Gd,TA,Mn,BLQ,Unf,Gd,Attchd,1954.0,Unf,TA,TA,,GdPrv,
50.0,Grvl,,0.0,TA,TA,No,ALQ,Unf,,Detchd,1936.0,Unf,TA,TA,,,
75.0,,BrkFace,137.0,Gd,TA,No,ALQ,Unf,TA,Attchd,1993.0,Unf,TA,TA,,,
60.0,,,0.0,TA,TA,Av,GLQ,Unf,,,,,,,,,
76.0,,,0.0,Gd,TA,No,Unf,Unf,TA,BuiltIn,2000.0,RFn,TA,TA,,,
60.0,,,0.0,TA,TA,Mn,Rec,Unf,,Detchd,1939.0,Unf,TA,TA,,MnPrv,
60.0,,,0.0,TA,TA,No,Unf,Unf,,,,,,,,,
69.0,,,0.0,Gd,TA,Gd,ALQ,Unf,Po,Attchd,1969.0,Unf,TA,TA,,,
60.0,,,0.0,TA,TA,No,BLQ,Unf,,Attchd,1965.0,Unf,TA,TA,,,
88.0,,Stone,350.0,Ex,TA,Av,GLQ,Unf,Ex,Attchd,2010.0,Fin,TA,TA,,,
59.0,,,0.0,Gd,TA,No,BLQ,GLQ,TA,Attchd,1993.0,Unf,TA,TA,,,
60.0,,,0.0,TA,Gd,No,ALQ,Unf,Gd,Detchd,1998.0,Unf,TA,TA,,,
60.0,,,0.0,,,,,,,Detchd,1956.0,Unf,TA,TA,,,
60.0,,,0.0,Gd,Gd,Gd,GLQ,Unf,,,,,,,,,
80.0,,BrkFace,360.0,Gd,TA,No,ALQ,Unf,TA,Attchd,1977.0,RFn,TA,TA,,,
98.0,,,0.0,TA,TA,No,BLQ,Unf,Gd,Detchd,1972.0,Unf,TA,TA,,,
38.0,,,0.0,Gd,TA,No,GLQ,Unf,Gd,Attchd,1996.0,Fin,TA,TA,,,
69.0,,BrkFace,238.0,Gd,TA,Gd,GLQ,Unf,TA,Attchd,2005.0,Fin,TA,TA,,,
80.0,,BrkFace,360.0,TA,TA,Gd,GLQ,LwQ,,Attchd,1964.0,RFn,TA,TA,,,
85.0,,Stone,226.0,Gd,TA,Gd,GLQ,Unf,Gd,Attchd,2003.0,Fin,TA,TA,,,
50.0,,,0.0,TA,TA,No,Unf,Unf,Gd,Detchd,1939.0,Unf,TA,TA,,,
24.0,Pave,BrkFace,456.0,Gd,TA,No,Unf,Unf,,Detchd,1999.0,Unf,TA,TA,,,
64.0,,BrkFace,108.0,Gd,TA,No,GLQ,Unf,,Attchd,2007.0,RFn,TA,TA,,,
73.0,,,0.0,Gd,TA,Av,Unf,Unf,,Attchd,2007.0,Fin,TA,TA,,,
35.0,,BrkFace,218.0,Gd,TA,No,GLQ,Unf,,Detchd,1999.0,Unf,TA,TA,,,
82.0,,BrkFace,183.0,TA,TA,Gd,Rec,ALQ,,Attchd,1966.0,RFn,Gd,Gd,,GdPrv,
60.0,Grvl,,0.0,TA,TA,Mn,Unf,Unf,,Detchd,1925.0,Unf,TA,Fa,,GdWo,
47.0,,Stone,132.0,Gd,Fa,No,ALQ,LwQ,TA,Attchd,1986.0,Fin,TA,TA,,,
71.0,,BrkFace,415.0,TA,TA,No,BLQ,Unf,TA,Attchd,1963.0,RFn,TA,TA,,,
,,BrkFace,335.0,TA,TA,Av,GLQ,Unf,,Attchd,1976.0,Unf,TA,TA,,,
92.0,,BrkFace,270.0,TA,TA,No,ALQ,Unf,,,,,,,,,
74.0,,Stone,72.0,Gd,TA,No,Unf,Unf,Gd,Attchd,2008.0,Fin,TA,TA,,,
,,,0.0,Gd,TA,Av,Unf,Unf,TA,Attchd,2001.0,RFn,TA,TA,,,
80.0,,BrkFace,425.0,TA,TA,No,BLQ,Unf,Gd,Attchd,1964.0,RFn,TA,TA,,MnPrv,Shed
,,,0.0,TA,TA,Mn,Unf,Unf,,,,,,,,,
51.0,,,0.0,TA,Fa,No,Unf,Unf,,BuiltIn,1998.0,RFn,TA,TA,,,
65.0,Pave,,0.0,TA,Fa,No,Unf,Unf,Gd,Detchd,1950.0,Unf,TA,TA,,,
52.0,,,0.0,,,,,,,,,,,,,,
58.0,,,0.0,Gd,TA,No,GLQ,Unf,TA,Attchd,2000.0,Fin,TA,TA,,,
62.0,,,0.0,TA,TA,No,BLQ,Unf,,Attchd,1968.0,RFn,TA,TA,,GdWo,Shed
105.0,,BrkFace,772.0,Gd,TA,Av,Unf,Unf,Gd,BuiltIn,2006.0,Fin,TA,TA,,,
98.0,,BrkFace,975.0,Gd,TA,No,GLQ,Unf,TA,Attchd,1998.0,Fin,TA,TA,,,
,,,0.0,Gd,TA,Av,GLQ,Unf,Fa,Attchd,1992.0,Fin,TA,TA,,,
98.0,,BrkFace,975.0,Gd,TA,No,GLQ,Unf,TA,Attchd,1998.0,Fin,TA,TA,,,
82.0,,,0.0,Gd,TA,No,GLQ,Unf,,Detchd,2000.0,Unf,TA,TA,,GdPrv,
60.0,,,0.0,TA,TA,Mn,Unf,Unf,Gd,Detchd,1940.0,Unf,Fa,Po,,MnPrv,
32.0,,BrkFace,320.0,Ex,TA,No,GLQ,Unf,,Attchd,1998.0,Fin,TA,TA,,,
35.0,Grvl,,0.0,TA,TA,No,Unf,Unf,Gd,,,,,,,,
80.0,,BrkFace,237.0,TA,TA,No,Unf,Unf,Gd,Attchd,1962.0,RFn,TA,TA,,GdPrv,
95.0,,,,Gd,TA,No,Unf,Unf,,Attchd,2007.0,Fin,TA,TA,,,
55.0,,,0.0,Gd,TA,No,Unf,Unf,TA,Attchd,1979.0,Unf,TA,TA,,,
59.0,,,0.0,TA,TA,No,Unf,Unf,,Detchd,1962.0,Unf,TA,TA,,,
,,BrkCmn,161.0,TA,TA,No,LwQ,Unf,TA,Detchd,1950.0,Unf,TA,TA,,,
,,,0.0,Gd,TA,No,GLQ,Unf,Gd,Attchd,1992.0,RFn,TA,TA,,,
52.0,,BrkFace,108.0,Fa,TA,Mn,Unf,Unf,,Detchd,1953.0,Unf,TA,TA,,,
73.0,,BrkFace,196.0,Gd,TA,Gd,GLQ,Unf,TA,Attchd,1996.0,Fin,TA,TA,,,
94.0,,BrkFace,305.0,Ex,TA,No,GLQ,Unf,Gd,Attchd,2009.0,Fin,TA,TA,,,
70.0,,,0.0,TA,TA,No,ALQ,LwQ,,Detchd,1989.0,Unf,TA,TA,,,
,,BrkFace,115.0,TA,TA,Gd,Rec,Unf,Fa,Attchd,1964.0,RFn,TA,TA,,MnPrv,
65.0,,,0.0,Gd,TA,No,GLQ,Unf,TA,Attchd,2001.0,RFn,TA,TA,,,
36.0,,Stone,106.0,Gd,TA,No,GLQ,Unf,,BuiltIn,2003.0,RFn,TA,TA,,,
60.0,,,0.0,TA,TA,No,Unf,Unf,,,,,,,,,
63.0,,BrkFace,210.0,Gd,TA,Av,GLQ,Unf,,Attchd,2004.0,RFn,TA,TA,,,
60.0,,,0.0,Gd,TA,No,Unf,Unf,Gd,Attchd,1931.0,RFn,TA,TA,,MnPrv,
75.0,,,0.0,Gd,TA,No,GLQ,Unf,,Attchd,2009.0,Fin,TA,TA,,,
82.0,,BrkFace,70.0,TA,TA,No,Unf,Unf,,2Types,1989.0,Unf,TA,TA,,,
64.0,,,0.0,TA,TA,Mn,BLQ,Unf,,Detchd,1968.0,Unf,TA,TA,,,
,,,0.0,TA,TA,No,BLQ,Unf,,Detchd,1961.0,Unf,TA,TA,,,
60.0,,,0.0,TA,TA,No,Unf,Unf,,,,,,,,,
57.0,,,0.0,Gd,TA,Av,Unf,Unf,,Attchd,1998.0,Fin,TA,TA,,,
104.0,,Stone,860.0,Ex,TA,No,Unf,Unf,Gd,BuiltIn,2009.0,Fin,TA,TA,,,
66.0,Pave,BrkFace,1600.0,Gd,TA,No,BLQ,Unf,TA,Detchd,1997.0,RFn,TA,TA,,,
70.0,,,0.0,Gd,TA,No,Rec,Unf,Gd,Detchd,1950.0,Unf,TA,TA,,,
73.0,,,0.0,Gd,TA,Mn,Unf,Unf,,Attchd,2006.0,RFn,TA,TA,,,
70.0,,BrkFace,351.0,TA,TA,No,Unf,Unf,TA,Attchd,1966.0,Unf,TA,TA,,,
37.0,Pave,,0.0,Gd,TA,No,GLQ,Unf,Gd,Attchd,2005.0,Fin,TA,TA,,,
24.0,,,0.0,Gd,TA,No,ALQ,Unf,,Detchd,1999.0,Unf,TA,TA,,,
66.0,,,0.0,Gd,TA,No,Unf,Unf,,Detchd,1920.0,Unf,TA,TA,,,
54.0,,,0.0,Fa,TA,No,LwQ,Unf,Gd,Detchd,1920.0,Unf,Fa,TA,,,
59.0,,,0.0,Gd,TA,No,Unf,Unf,TA,Attchd,1993.0,RFn,TA,TA,,,
70.0,,,0.0,TA,TA,No,Rec,Unf,,Attchd,1957.0,RFn,TA,TA,,,
80.0,,BrkFace,340.0,TA,TA,Gd,BLQ,Rec,Fa,Attchd,1964.0,RFn,TA,TA,,MnWw,
50.0,,,0.0,TA,TA,Av,BLQ,Unf,,Detchd,1941.0,Unf,TA,TA,,,
60.0,Grvl,BrkFace,180.0,Gd,TA,Gd,GLQ,Unf,,Detchd,1980.0,Unf,TA,TA,,,
77.0,,,0.0,TA,TA,No,ALQ,Unf,,,,,,,,,Shed
,,,0.0,Gd,TA,Mn,GLQ,Unf,Gd,Attchd,1996.0,Unf,TA,TA,,,
60.0,,,0.0,TA,TA,Mn,Unf,Unf,,Detchd,1920.0,Unf,Fa,Fa,,GdWo,
,,BrkFace,298.0,TA,TA,No,LwQ,Unf,TA,Attchd,1976.0,Fin,TA,TA,,,
,,,0.0,TA,TA,No,BLQ,Unf,Gd,Attchd,1942.0,Unf,TA,TA,,,
,,BrkFace,225.0,Gd,TA,Av,GLQ,Unf,TA,Attchd,1980.0,Unf,TA,TA,,,
98.0,,BrkFace,378.0,Ex,TA,Gd,GLQ,Unf,Gd,Attchd,2004.0,Fin,TA,TA,,,
75.0,,,,Gd,TA,No,GLQ,Unf,Gd,Attchd,2002.0,RFn,TA,TA,,,
78.0,,,0.0,TA,TA,No,Unf,Unf,Gd,Attchd,1948.0,Unf,TA,TA,,,
,,BrkFace,147.0,Gd,TA,Av,GLQ,Unf,TA,Attchd,2004.0,RFn,TA,TA,,,
60.0,,,0.0,Gd,TA,No,Unf,Unf,Gd,Attchd,1931.0,RFn,TA,TA,,MnPrv,
80.0,,BrkFace,320.0,TA,TA,No,ALQ,Unf,TA,Attchd,1973.0,Unf,TA,TA,,,
,,BrkFace,148.0,Gd,TA,No,GLQ,Unf,Gd,Attchd,2002.0,RFn,TA,TA,,,
24.0,,,0.0,Gd,TA,No,ALQ,Unf,TA,Attchd,1978.0,Unf,TA,TA,,,
60.0,Grvl,,0.0,Gd,TA,No,LwQ,Unf,TA,Detchd,1920.0,Unf,Fa,TA,,MnPrv,Shed
75.0,,BrkFace,136.0,TA,TA,No,Rec,Unf,,Attchd,1961.0,Unf,TA,TA,,GdWo,
71.0,,BrkFace,166.0,TA,TA,Mn,GLQ,Unf,,Detchd,1977.0,Unf,TA,TA,,MnPrv,
72.0,,,0.0,TA,TA,No,Unf,Unf,,,,,,,,,
40.0,,,0.0,TA,TA,No,ALQ,Unf,,,,,,,,,
48.0,,Stone,94.0,Gd,TA,No,Unf,Unf,Gd,Attchd,2005.0,RFn,TA,TA,,,
70.0,,,0.0,Fa,TA,No,Unf,Unf,,Detchd,1950.0,Unf,Fa,TA,,GdWo,
75.0,,BrkFace,428.0,Ex,TA,Av,Unf,Unf,Gd,Attchd,2007.0,RFn,TA,TA,,,
60.0,,,0.0,Fa,TA,No,Unf,Unf,,Detchd,1920.0,Unf,Fa,TA,,,
55.0,,,0.0,TA,TA,Av,Unf,Unf,,,,,,,,,
50.0,,,0.0,TA,TA,No,GLQ,Unf,TA,Attchd,1939.0,RFn,Gd,TA,,,
116.0,,BrkFace,246.0,Gd,TA,No,ALQ,Unf,TA,Attchd,1990.0,RFn,TA,TA,,,
50.0,,,0.0,TA,TA,No,Unf,Unf,,,,,,,,GdWo,
60.0,,,0.0,Fa,TA,No,Unf,Unf,,Detchd,1915.0,Unf,TA,TA,,,
70.0,,BrkFace,318.0,TA,TA,No,Rec,Unf,Gd,Attchd,1962.0,Fin,TA,TA,,,
63.0,,Stone,748.0,Ex,TA,No,GLQ,Unf,Gd,Attchd,2009.0,Fin,TA,TA,,,
89.0,,,0.0,Gd,TA,No,Unf,Unf,,Attchd,2004.0,RFn,TA,TA,,,
70.0,,,0.0,TA,TA,No,LwQ,Unf,,Attchd,1959.0,RFn,TA,TA,,GdWo,
70.0,,BrkFace,130.0,Gd,TA,No,Unf,Unf,TA,Attchd,1980.0,Unf,TA,TA,,MnPrv,
96.0,,Stone,154.0,Ex,TA,Av,GLQ,Unf,Gd,Attchd,2008.0,Fin,TA,TA,,,
73.0,,,0.0,TA,TA,No,GLQ,Unf,,Detchd,1957.0,Unf,TA,TA,,,
43.0,,BrkFace,16.0,Gd,TA,No,GLQ,Unf,TA,Attchd,2004.0,Fin,TA,TA,,,
43.0,,BrkFace,16.0,Gd,TA,Av,Unf,Unf,Gd,Attchd,2007.0,Fin,TA,TA,,,
86.0,,BrkFace,172.0,TA,TA,Gd,LwQ,ALQ,TA,Attchd,1987.0,Fin,TA,TA,,MnPrv,
91.0,,BrkFace,368.0,TA,TA,No,LwQ,Unf,,Detchd,1969.0,Unf,TA,TA,,,
76.0,,,0.0,Gd,TA,No,Unf,Unf,TA,BuiltIn,2000.0,RFn,TA,TA,,,
60.0,Pave,,0.0,Fa,TA,No,Unf,Unf,,Detchd,1974.0,Unf,TA,TA,,,
79.0,,,0.0,Ex,TA,No,Unf,Unf,Gd,Detchd,1993.0,Fin,TA,TA,,,
60.0,,BrkFace,16.0,Gd,TA,No,Unf,Unf,TA,Attchd,2000.0,Fin,TA,TA,,,
80.0,,BrkFace,80.0,TA,TA,Av,GLQ,Unf,,Attchd,1971.0,Unf,TA,TA,,MnPrv,
21.0,,BrkFace,604.0,TA,TA,No,ALQ,Unf,,Detchd,1971.0,Unf,TA,TA,,,
77.0,,,0.0,Gd,TA,Av,ALQ,LwQ,TA,Attchd,1975.0,RFn,TA,TA,,,
68.0,,,0.0,TA,Fa,No,Unf,Unf,,Attchd,1958.0,Unf,TA,TA,,,
65.0,,,0.0,TA,TA,No,BLQ,Unf,Fa,Attchd,1968.0,Unf,TA,TA,,,
85.0,,BrkFace,584.0,Ex,TA,Av,GLQ,Unf,Gd,Attchd,2006.0,Fin,TA,TA,,,
50.0,,,0.0,TA,TA,No,Unf,Unf,,,,,,,,,
60.0,,,0.0,Fa,Po,No,Unf,Unf,,Detchd,1920.0,Unf,Po,Po,,,
80.0,,BrkFace,156.0,TA,TA,Gd,GLQ,Unf,,Attchd,1963.0,RFn,TA,TA,,MnPrv,
107.0,,Stone,424.0,Ex,TA,Gd,Unf,Unf,Gd,BuiltIn,2009.0,RFn,TA,TA,,,
,,BrkFace,40.0,Gd,TA,Gd,Unf,Unf,TA,Attchd,2003.0,Fin,TA,TA,,,
,,BrkFace,40.0,Gd,TA,Gd,Unf,Unf,TA,Attchd,2003.0,Fin,TA,TA,,,
43.0,,BrkFace,16.0,Gd,TA,Av,GLQ,Unf,,Attchd,2005.0,Fin,TA,TA,,,
60.0,Grvl,,0.0,TA,TA,No,Unf,Unf,,Detchd,1928.0,Unf,Fa,Fa,,,
58.0,,,0.0,TA,TA,No,Unf,Unf,,,,,,,,,
74.0,,,0.0,,,,,,,Detchd,1956.0,Unf,TA,Fa,,,
95.0,,,0.0,Gd,TA,No,GLQ,Unf,,BuiltIn,2002.0,RFn,TA,TA,,,
50.0,,,0.0,TA,TA,No,BLQ,Unf,Gd,Detchd,1976.0,Unf,TA,TA,,MnPrv,
21.0,,,0.0,Gd,TA,Av,GLQ,Unf,,Attchd,1970.0,Unf,TA,TA,,,
87.0,,BrkFace,564.0,TA,TA,No,Unf,Unf,,Detchd,1973.0,Unf,TA,TA,,,
78.0,,,0.0,Gd,TA,Mn,BLQ,Unf,Gd,Basment,1934.0,Unf,TA,TA,,,
67.0,,,0.0,,,,,,,Detchd,2002.0,Fin,TA,TA,,MnPrv,
,,BrkFace,188.0,TA,TA,No,BLQ,Unf,Fa,Attchd,1968.0,Unf,TA,TA,,,
52.0,,,0.0,TA,TA,No,Unf,Unf,Gd,Detchd,1985.0,Unf,TA,TA,,MnPrv,Shed
75.0,,Stone,110.0,Gd,TA,No,GLQ,Unf,,BuiltIn,2009.0,Fin,TA,TA,,,
60.0,,,0.0,TA,TA,No,BLQ,Rec,,Attchd,1950.0,Unf,TA,TA,,,
66.0,,,0.0,TA,Gd,No,GLQ,Unf,Gd,Attchd,1941.0,RFn,TA,TA,,GdPrv,Shed
24.0,,BrkFace,376.0,TA,TA,No,ALQ,Unf,,Detchd,1971.0,Unf,TA,TA,,,
65.0,,,0.0,TA,TA,No,Unf,Unf,,Detchd,1967.0,Unf,TA,TA,,,
60.0,,,0.0,TA,TA,No,Unf,Unf,,Detchd,1968.0,Unf,TA,TA,,,
60.0,,,0.0,Gd,TA,No,BLQ,Unf,,Detchd,1941.0,Unf,TA,TA,,MnPrv,
94.0,,BrkFace,278.0,Gd,TA,No,GLQ,Unf,TA,Attchd,1983.0,RFn,TA,TA,,GdPrv,
70.0,,BrkFace,82.0,TA,TA,Av,ALQ,Unf,,BuiltIn,1971.0,Unf,TA,TA,,GdWo,
70.0,,,0.0,TA,TA,No,ALQ,BLQ,,Attchd,1959.0,RFn,TA,TA,,,
49.0,,,0.0,TA,TA,No,ALQ,Unf,,Attchd,1955.0,Unf,Fa,TA,,,
75.0,,,0.0,TA,TA,No,ALQ,Unf,,Attchd,1963.0,Fin,TA,TA,,MnPrv,
70.0,,,0.0,TA,TA,No,BLQ,Unf,,Detchd,1946.0,Unf,TA,TA,,,
96.0,,Stone,230.0,Ex,TA,Gd,GLQ,Unf,Gd,Attchd,2008.0,Fin,TA,TA,,,
81.0,,,0.0,TA,TA,No,BLQ,Unf,TA,Attchd,1953.0,Fin,TA,TA,,,
71.0,,,0.0,TA,TA,No,Rec,Unf,,Detchd,2000.0,Unf,TA,TA,,MnPrv,
59.0,,,0.0,TA,TA,No,Unf,Unf,Gd,Detchd,1920.0,Unf,TA,TA,,MnPrv,
70.0,,,0.0,TA,TA,No,ALQ,LwQ,,Detchd,1989.0,Unf,TA,TA,,,
95.0,,,0.0,Gd,TA,No,GLQ,Unf,,BuiltIn,2002.0,RFn,TA,TA,,,
75.0,,,0.0,TA,TA,No,BLQ,Unf,,Attchd,1950.0,Unf,TA,TA,,MnPrv,
68.0,,Stone,145.0,TA,TA,Av,Rec,Unf,Gd,Basment,1957.0,Unf,TA,TA,,,
60.0,,,0.0,TA,TA,No,Rec,BLQ,,Attchd,1950.0,Unf,TA,TA,,GdPrv,
60.0,,BrkFace,16.0,Gd,TA,No,Unf,Unf,TA,Attchd,2000.0,Fin,TA,TA,,,
,,BrkFace,114.0,TA,TA,No,BLQ,LwQ,,Attchd,1965.0,Unf,TA,TA,,MnPrv,
,,,0.0,TA,TA,No,BLQ,Unf,,Detchd,1961.0,Unf,TA,TA,,,
,,BrkFace,335.0,TA,TA,Av,GLQ,Unf,,Attchd,1976.0,Unf,TA,TA,,,
50.0,,,0.0,,,,,,,,,,,,,,
,,,0.0,Gd,TA,No,GLQ,Unf,,Attchd,2000.0,RFn,TA,TA,,,
79.0,,,0.0,TA,TA,No,BLQ,LwQ,,Attchd,1953.0,Unf,TA,TA,,GdWo,
77.0,,,0.0,TA,TA,No,ALQ,Unf,,,,,,,,,Shed
66.0,,,0.0,Gd,TA,No,Unf,Unf,,Detchd,1920.0,Unf,TA,TA,,,
60.0,Pave,Stone,68.0,Gd,TA,No,GLQ,Unf,,Attchd,2006.0,Fin,TA,TA,,,
82.0,,BrkFace,183.0,TA,TA,Gd,Rec,ALQ,,Attchd,1966.0,RFn,Gd,Gd,,GdPrv,
80.0,,,0.0,TA,TA,No,Unf,Unf,,,,,,,,,
,,,0.0,Fa,Po,Gd,BLQ,Unf,,,,,,,,,
80.0,,Stone,110.0,TA,TA,No,Rec,LwQ,,Attchd,1954.0,RFn,TA,TA,,MnPrv,
109.0,,BrkFace,350.0,Ex,Gd,No,Unf,Unf,Gd,Attchd,2006.0,RFn,TA,TA,,,
,,,0.0,Gd,TA,Mn,Unf,Unf,Gd,BuiltIn,1976.0,Fin,TA,TA,,,
80.0,,,0.0,Gd,TA,No,ALQ,Unf,Gd,Attchd,1981.0,Fin,TA,TA,,MnPrv,
64.0,,,0.0,,,,,,,Attchd,1979.0,Unf,TA,TA,,,
,,BrkFace,216.0,Gd,TA,No,GLQ,Unf,,Detchd,2000.0,Unf,TA,TA,,,
89.0,,,0.0,Gd,TA,No,Unf,Unf,,Attchd,2004.0,RFn,TA,TA,,,
34.0,,Stone,135.0,Gd,TA,Av,ALQ,Unf,Gd,Attchd,2005.0,RFn,TA,TA,,,
60.0,,,0.0,Fa,Po,No,Unf,Unf,,Detchd,1920.0,Unf,Po,Po,,,
,,BrkFace,72.0,TA,TA,No,BLQ,Unf,Gd,Detchd,1993.0,Unf,TA,TA,,,
60.0,Grvl,,0.0,TA,TA,No,Unf,Unf,Po,Detchd,1983.0,Unf,Gd,TA,,,
,,,0.0,Gd,TA,No,Unf,Unf,Gd,Detchd,1931.0,Unf,TA,TA,,,
65.0,,BrkFace,98.0,Gd,TA,Av,GLQ,Unf,,Attchd,2004.0,RFn,TA,TA,,,
85.0,,BrkFace,176.0,TA,TA,No,BLQ,Unf,Fa,Attchd,1965.0,Unf,TA,TA,,,
,,,0.0,Gd,TA,No,LwQ,Unf,,Attchd,1990.0,Fin,TA,TA,,GdPrv,
,,,0.0,Gd,TA,No,GLQ,Unf,TA,Attchd,2000.0,RFn,TA,TA,,,
60.0,,,0.0,Ex,Gd,No,ALQ,Unf,,Attchd,2005.0,Fin,TA,TA,,,
60.0,,,0.0,Gd,TA,No,BLQ,Unf,,Attchd,1996.0,Unf,TA,TA,,,
71.0,,BrkFace,153.0,TA,TA,No,BLQ,Unf,,Detchd,1986.0,Unf,TA,TA,,,
65.0,,,0.0,Gd,TA,No,Unf,Unf,Gd,BuiltIn,2003.0,Fin,TA,TA,,,
70.0,,,0.0,Gd,TA,Gd,GLQ,Unf,,,,,,,,,
60.0,,,0.0,TA,TA,Av,Rec,Unf,,Detchd,1985.0,RFn,TA,TA,,,
,,BrkFace,340.0,,,,,,,Detchd,1949.0,Unf,TA,TA,,,
67.0,,Stone,274.0,Gd,TA,Av,Unf,Unf,Gd,Attchd,2007.0,RFn,TA,TA,,,
,,,0.0,TA,TA,No,ALQ,Unf,,Detchd,1962.0,Unf,TA,TA,,,
72.0,,BrkFace,562.0,Ex,TA,Gd,GLQ,Unf,Gd,Attchd,2003.0,Fin,TA,TA,,,
,,,0.0,TA,TA,No,BLQ,Unf,,Detchd,1980.0,Unf,TA,TA,,MnWw,
79.0,,Stone,205.0,Ex,TA,No,GLQ,Unf,Gd,Attchd,2007.0,Fin,TA,TA,,,
,,BrkFace,180.0,TA,TA,No,Rec,Unf,,Attchd,1959.0,RFn,TA,TA,,MnPrv,
,,,0.0,Gd,TA,Av,GLQ,Unf,TA,Attchd,1978.0,RFn,TA,TA,,MnPrv,
,,,0.0,Gd,TA,No,GLQ,Unf,Fa,Attchd,1994.0,RFn,TA,TA,,,
71.0,,BrkFace,153.0,TA,TA,No,BLQ,Unf,,Detchd,1986.0,Unf,TA,TA,,,
64.0,,Stone,82.0,Gd,TA,Av,GLQ,Unf,,Attchd,2007.0,RFn,TA,TA,,,
94.0,,,0.0,TA,TA,Av,Unf,Unf,,,,,,,,,
63.0,,,0.0,Gd,TA,No,Unf,Unf,Gd,Attchd,2003.0,Fin,TA,TA,,,
44.0,,,0.0,Gd,TA,No,ALQ,Unf,Po,Attchd,1976.0,Fin,TA,TA,,MnPrv,
40.0,,,0.0,Gd,TA,Mn,GLQ,Unf,Gd,Attchd,1988.0,Fin,TA,TA,,,
92.0,,BrkFace,391.0,Gd,TA,No,GLQ,Unf,TA,Attchd,1994.0,RFn,TA,TA,,,
68.0,,,0.0,TA,TA,Av,ALQ,Unf,Po,Attchd,1967.0,RFn,TA,TA,,MnWw,
88.0,,,0.0,Gd,TA,No,Unf,Unf,,Detchd,1981.0,Unf,TA,TA,,MnPrv,
70.0,,,0.0,TA,TA,No,Rec,Unf,Gd,Attchd,1959.0,RFn,TA,TA,,,
88.0,,,0.0,TA,TA,Av,ALQ,Unf,,Detchd,1987.0,Unf,TA,TA,,MnPrv,Shed
100.0,,,0.0,TA,TA,No,Unf,Unf,,Attchd,1954.0,RFn,TA,TA,,,
58.0,,,0.0,Gd,Gd,Av,GLQ,Unf,Gd,Attchd,2006.0,RFn,TA,TA,,,
62.0,,,0.0,Gd,TA,No,Unf,Unf,TA,Attchd,1999.0,RFn,TA,TA,,,
74.0,,,0.0,,,,,,,Detchd,1956.0,Unf,TA,Fa,,,
80.0,,BrkFace,360.0,TA,TA,No,Unf,Unf,TA,Attchd,1976.0,RFn,TA,TA,,,
,,BrkFace,90.0,TA,TA,No,ALQ,Unf,,Attchd,1978.0,Unf,TA,TA,,GdWo,
65.0,Pave,,0.0,TA,Fa,No,Unf,Unf,Gd,Detchd,1950.0,Unf,TA,TA,,,
79.0,,BrkFace,921.0,Gd,TA,No,Unf,Unf,TA,Attchd,1996.0,RFn,TA,TA,,,
90.0,,,0.0,TA,TA,Mn,Unf,Unf,TA,Detchd,1993.0,Unf,Ex,TA,,GdPrv,
,,BrkCmn,161.0,TA,TA,No,LwQ,Unf,TA,Detchd,1950.0,Unf,TA,TA,,,
51.0,,BrkFace,130.0,Gd,TA,No,ALQ,Unf,TA,Attchd,2007.0,RFn,TA,TA,,,
65.0,,,0.0,Gd,TA,No,Unf,Unf,Gd,Attchd,2005.0,Fin,TA,TA,,,
34.0,,Stone,166.0,Gd,TA,No,GLQ,Unf,Gd,Attchd,2008.0,RFn,TA,TA,,,
86.0,,BrkFace,99.0,Gd,TA,No,GLQ,Unf,Ex,Attchd,1990.0,Unf,TA,TA,,,
60.0,,,0.0,TA,TA,No,ALQ,BLQ,,Detchd,1980.0,RFn,TA,TA,,,
,,BrkFace,88.0,Gd,TA,No,GLQ,Unf,,Attchd,1991.0,RFn,TA,TA,,GdWo,
,,,0.0,Gd,TA,Mn,Unf,Unf,Gd,BuiltIn,1976.0,Fin,TA,TA,,,
78.0,,,0.0,Gd,TA,Mn,BLQ,Unf,Gd,Basment,1934.0,Unf,TA,TA,,,
107.0,,Stone,42.0,Ex,TA,Mn,GLQ,Unf,Gd,Attchd,2004.0,Fin,TA,TA,,,
80.0,,BrkFace,320.0,TA,TA,No,ALQ,Unf,TA,Attchd,1973.0,Unf,TA,TA,,,
78.0,,,0.0,TA,TA,No,Unf,Unf,Gd,Attchd,1948.0,Unf,TA,TA,,,
21.0,,BrkFace,158.0,TA,TA,No,BLQ,Unf,,Detchd,1973.0,Unf,TA,TA,,,
60.0,,,0.0,TA,TA,No,Unf,Unf,,Detchd,1980.0,RFn,TA,TA,,,
58.0,,,0.0,Gd,TA,No,GLQ,Unf,TA,Attchd,2000.0,Fin,TA,TA,,,
62.0,,,0.0,TA,TA,No,BLQ,Unf,,Attchd,1968.0,RFn,TA,TA,,GdWo,Shed
50.0,,,0.0,TA,TA,No,Unf,Unf,Fa,Detchd,1960.0,Unf,TA,TA,,,
60.0,,,0.0,TA,Fa,No,Unf,Unf,Gd,Detchd,1922.0,Unf,TA,Fa,,,
62.0,Pave,,0.0,Gd,TA,No,GLQ,Unf,,Attchd,2004.0,RFn,TA,TA,,,
60.0,Grvl,,0.0,TA,TA,No,Rec,Unf,Gd,Detchd,1970.0,Unf,TA,TA,,,
,,BrkFace,40.0,Gd,TA,Gd,Unf,Unf,TA,Attchd,2003.0,Fin,TA,TA,,,
92.0,,,0.0,Fa,TA,No,Unf,Unf,,Attchd,1986.0,Unf,TA,TA,,MnPrv,
70.0,,,0.0,Gd,Gd,No,Rec,Unf,TA,Detchd,1932.0,Unf,TA,TA,,,
70.0,,,0.0,TA,TA,No,Unf,Unf,,Detchd,1974.0,Unf,TA,TA,,GdWo,
,,,0.0,Gd,TA,No,GLQ,Unf,,Detchd,2000.0,Unf,TA,TA,,,
98.0,,BrkFace,362.0,Ex,TA,Av,GLQ,Unf,TA,Attchd,1994.0,RFn,TA,TA,,,
60.0,Grvl,,0.0,TA,TA,No,Unf,Unf,Po,Detchd,1983.0,Unf,Gd,TA,,,
44.0,,Stone,128.0,Gd,TA,Mn,GLQ,Unf,Gd,Attchd,2010.0,RFn,TA,TA,,,
60.0,,,0.0,TA,TA,No,ALQ,BLQ,,Detchd,1989.0,Unf,TA,TA,,,Shed
60.0,,,0.0,TA,Gd,No,ALQ,Unf,Gd,Detchd,1998.0,Unf,TA,TA,,,
71.0,,BrkFace,153.0,TA,TA,No,BLQ,Unf,,Detchd,1986.0,Unf,TA,TA,,,
94.0,,,0.0,TA,TA,Gd,ALQ,Unf,,Attchd,1963.0,Unf,TA,TA,,,
,,Stone,288.0,TA,TA,Gd,ALQ,Unf,Gd,Attchd,1965.0,Unf,TA,TA,,GdPrv,
95.0,,BrkFace,594.0,Gd,TA,No,GLQ,Unf,TA,Attchd,1996.0,Fin,TA,TA,,,
100.0,Grvl,,0.0,TA,TA,Mn,Unf,Unf,Gd,Detchd,1949.0,Unf,TA,TA,,,
65.0,,BrkFace,98.0,Gd,TA,Av,GLQ,Unf,,Attchd,2004.0,RFn,TA,TA,,,
86.0,,Stone,340.0,Ex,TA,No,GLQ,Unf,Gd,Attchd,2007.0,Fin,TA,TA,,,
60.0,Grvl,,0.0,TA,Fa,No,Unf,Unf,,2Types,1920.0,Unf,Fa,Fa,,,
80.0,,,0.0,Gd,TA,No,Unf,Unf,,Attchd,2003.0,RFn,TA,TA,,,
85.0,,Stone,162.0,Ex,TA,Mn,GLQ,Unf,Gd,Attchd,2009.0,Fin,TA,TA,,,
75.0,,,0.0,TA,TA,No,Unf,Unf,Gd,Detchd,1988.0,Unf,Gd,TA,,,
60.0,,,0.0,TA,TA,Mn,BLQ,Rec,,Detchd,2005.0,Unf,TA,TA,,,
82.0,,BrkFace,340.0,Gd,TA,Av,GLQ,Unf,TA,Attchd,1989.0,Fin,TA,TA,,,
60.0,,,0.0,TA,TA,Mn,Unf,Unf,Po,Detchd,2003.0,Unf,TA,TA,,MnPrv,Shed
30.0,Pave,,0.0,Gd,TA,No,Unf,Unf,,Detchd,2005.0,RFn,TA,TA,,,
80.0,,BrkFace,459.0,Gd,TA,Mn,ALQ,LwQ,TA,Attchd,1977.0,Fin,TA,TA,,,
21.0,,BrkFace,80.0,TA,TA,No,Unf,Unf,,Attchd,1970.0,Unf,TA,TA,,,
34.0,Pave,,0.0,Gd,TA,No,Unf,Unf,,Detchd,2007.0,Unf,TA,TA,,,
100.0,,BrkFace,180.0,TA,TA,No,Rec,BLQ,,Attchd,1964.0,RFn,TA,TA,,,
95.0,,,,Gd,TA,No,Unf,Unf,,Attchd,2007.0,Fin,TA,TA,,,
74.0,,,0.0,TA,TA,No,LwQ,Unf,Gd,Detchd,1939.0,Unf,TA,TA,,,
74.0,,,0.0,TA,TA,No,BLQ,Rec,,Attchd,1956.0,Fin,TA,TA,,,
108.0,,Stone,132.0,Ex,TA,Av,Unf,Unf,Gd,BuiltIn,2004.0,Fin,TA,TA,,,
60.0,,,0.0,TA,TA,No,BLQ,Unf,,Attchd,1965.0,Unf,TA,TA,,,
79.0,,BrkFace,921.0,Gd,TA,No,Unf,Unf,TA,Attchd,1996.0,RFn,TA,TA,,,
85.0,,,0.0,TA,TA,No,ALQ,Unf,,Attchd,1961.0,RFn,TA,TA,,,Shed
,,,0.0,Gd,TA,No,LwQ,Unf,,Attchd,1990.0,Fin,TA,TA,,GdPrv,
52.0,,,0.0,TA,Fa,No,LwQ,Unf,Gd,Detchd,1978.0,Unf,TA,TA,,,
80.0,,,0.0,TA,TA,No,Rec,Unf,,Attchd,1956.0,Unf,TA,TA,,,
70.0,,,0.0,TA,TA,No,ALQ,Unf,Po,,,,,,,,
,,BrkFace,180.0,Gd,TA,No,ALQ,Unf,Gd,Detchd,1957.0,Unf,TA,TA,,,
,,,0.0,TA,TA,No,ALQ,Unf,,Detchd,1963.0,Unf,TA,TA,,,
,,,0.0,TA,TA,No,Rec,LwQ,Gd,Attchd,1967.0,Unf,TA,TA,,,
,,BrkFace,90.0,TA,TA,No,ALQ,Unf,,Attchd,1978.0,Unf,TA,TA,,GdWo,
79.0,,,0.0,Gd,TA,Gd,GLQ,Unf,,Attchd,1997.0,RFn,TA,TA,,,Shed
,,,0.0,Gd,TA,No,ALQ,Unf,TA,Attchd,1977.0,RFn,TA,TA,,,
24.0,Pave,BrkFace,360.0,Gd,TA,No,ALQ,Unf,,Detchd,1999.0,Unf,TA,TA,,,
56.0,,BrkFace,870.0,Ex,TA,No,GLQ,Unf,Ex,Attchd,2006.0,Fin,TA,TA,,,
24.0,,Stone,50.0,Gd,TA,No,Unf,Unf,,Detchd,2004.0,Unf,TA,TA,,,
60.0,,,0.0,Gd,TA,No,BLQ,Unf,,Attchd,1996.0,Unf,TA,TA,,,
67.0,,,0.0,TA,TA,No,Rec,Unf,,,,,,,,,
,,,0.0,Gd,TA,Mn,Unf,Unf,Gd,BuiltIn,1976.0,Fin,TA,TA,,,
59.0,,BrkFace,338.0,Gd,TA,No,GLQ,Unf,TA,Attchd,1996.0,Fin,TA,TA,,,
44.0,,BrkFace,223.0,Gd,TA,No,GLQ,Unf,TA,Attchd,2003.0,RFn,TA,TA,,,
48.0,,BrkFace,171.0,Gd,TA,Av,BLQ,GLQ,TA,Attchd,2003.0,Fin,TA,TA,,,
,,BrkFace,116.0,TA,TA,No,LwQ,BLQ,Po,Attchd,1962.0,Unf,TA,TA,,,
60.0,,,0.0,TA,TA,No,Unf,Unf,,Detchd,1971.0,Unf,TA,TA,,,
83.0,,,0.0,Gd,TA,Mn,GLQ,Unf,,Attchd,2009.0,RFn,TA,TA,,,
60.0,,,0.0,Gd,Gd,No,ALQ,BLQ,,Detchd,1971.0,RFn,TA,TA,,MnPrv,
65.0,,,0.0,TA,TA,No,Unf,Unf,,Detchd,1967.0,Unf,TA,TA,,,
70.0,,,0.0,TA,TA,No,Rec,Unf,,,,,,,,,
90.0,,,0.0,Gd,TA,Mn,GLQ,Unf,TA,Attchd,1990.0,Unf,TA,TA,,,
50.0,,,0.0,TA,TA,No,ALQ,Unf,Gd,Detchd,1950.0,Unf,TA,TA,,,
85.0,,Stone,226.0,Gd,TA,Gd,GLQ,Unf,Gd,Attchd,2003.0,Fin,TA,TA,,,
34.0,,Stone,166.0,Gd,TA,No,GLQ,Unf,Gd,Attchd,2008.0,RFn,TA,TA,,,
61.0,,Stone,270.0,Ex,TA,Gd,Unf,Unf,Gd,Attchd,2008.0,RFn,TA,TA,,,
63.0,,,0.0,TA,TA,No,Unf,Unf,,Attchd,1940.0,Unf,Fa,TA,,,
70.0,,,0.0,TA,TA,No,Rec,BLQ,,Detchd,1980.0,Unf,TA,TA,,,
,,BrkFace,57.0,TA,TA,No,Rec,Unf,,Detchd,1963.0,Unf,TA,TA,,,
85.0,,,0.0,TA,TA,No,ALQ,Unf,,Basment,1920.0,Unf,Fa,TA,,,Shed
70.0,,,0.0,TA,TA,No,ALQ,Rec,Gd,Attchd,1957.0,RFn,TA,TA,,,
124.0,,BrkFace,84.0,TA,TA,Av,ALQ,Unf,Gd,Basment,1959.0,RFn,TA,TA,,GdPrv,
75.0,,BrkFace,768.0,Ex,TA,No,Unf,Unf,Gd,Attchd,2003.0,RFn,TA,TA,,,
120.0,,BrkFace,216.0,Fa,Fa,No,Unf,Unf,TA,Attchd,1968.0,RFn,TA,TA,,,
60.0,,,0.0,Gd,TA,No,GLQ,Unf,,,,,,,,,
,,BrkFace,479.0,Gd,TA,Av,GLQ,Unf,TA,Attchd,2001.0,RFn,TA,TA,,MnPrv,Shed
60.0,,,0.0,TA,Gd,No,GLQ,Unf,,Detchd,1985.0,Fin,TA,TA,,,
34.0,,BrkFace,182.0,Gd,TA,Av,GLQ,LwQ,,Attchd,1998.0,Fin,TA,TA,,,
130.0,,,0.0,TA,Fa,No,Rec,Unf,TA,Detchd,1940.0,Unf,TA,TA,,,
76.0,,,0.0,Gd,TA,No,Unf,Unf,Po,Detchd,1999.0,Unf,TA,TA,,MnPrv,
,,BrkFace,731.0,Gd,TA,Mn,GLQ,Unf,TA,Attchd,1998.0,Fin,TA,TA,,,
,,BrkFace,541.0,TA,TA,No,GLQ,Rec,Gd,Basment,1958.0,RFn,TA,TA,,,
78.0,,BrkFace,180.0,TA,TA,No,BLQ,Unf,,Attchd,1958.0,Unf,TA,TA,,GdWo,
,,,0.0,Gd,TA,Gd,GLQ,Unf,TA,Detchd,1979.0,Unf,TA,TA,,,
55.0,,,0.0,Gd,TA,No,Unf,Unf,TA,Attchd,1979.0,Unf,TA,TA,,,
85.0,,BrkFace,104.0,TA,TA,No,ALQ,BLQ,,Attchd,1989.0,Unf,TA,TA,,GdWo,
41.0,,,0.0,Gd,TA,Mn,GLQ,Unf,,Attchd,2001.0,Fin,TA,TA,,,
21.0,,BrkFace,510.0,TA,TA,No,ALQ,Unf,,Detchd,1972.0,Unf,TA,TA,,,
51.0,,,0.0,TA,TA,No,Unf,Unf,TA,Detchd,1931.0,Unf,Fa,TA,,,
138.0,,,0.0,TA,TA,No,Rec,BLQ,Gd,,,,,,,MnPrv,
80.0,,BrkFace,263.0,TA,TA,No,Rec,BLQ,,Attchd,1969.0,Fin,TA,TA,,GdWo,
,,BrkFace,216.0,Gd,TA,No,GLQ,Unf,,Detchd,2000.0,Unf,TA,TA,,,
50.0,,,0.0,TA,TA,No,Unf,Unf,,Detchd,1999.0,Unf,TA,TA,,,
33.0,,,0.0,TA,TA,No,Unf,Unf,,,,,,,,,
,,BrkFace,170.0,Gd,TA,Av,GLQ,Unf,,Attchd,2003.0,Fin,TA,TA,,,
70.0,,,1.0,TA,TA,No,Rec,Unf,,Attchd,1958.0,RFn,TA,TA,,,
70.0,,,0.0,Gd,TA,Av,ALQ,Unf,TA,Attchd,1997.0,RFn,TA,TA,,,
81.0,,BrkFace,448.0,Gd,TA,No,GLQ,Unf,TA,Attchd,1994.0,RFn,TA,TA,,,
34.0,,Stone,108.0,Gd,Gd,Mn,GLQ,Unf,Gd,Attchd,2006.0,RFn,TA,TA,,,
,,BrkFace,178.0,Gd,TA,Gd,Unf,Unf,TA,Attchd,2001.0,RFn,TA,TA,,,
80.0,,BrkFace,473.0,Gd,TA,No,GLQ,Unf,TA,Attchd,1998.0,Fin,TA,TA,,,
63.0,,,0.0,TA,TA,No,Unf,Unf,,Attchd,1940.0,Unf,Fa,TA,,,
100.0,,BrkFace,180.0,TA,TA,No,Rec,BLQ,,Attchd,1964.0,RFn,TA,TA,,,
100.0,,BrkFace,180.0,TA,TA,No,Rec,BLQ,,Attchd,1964.0,RFn,TA,TA,,,
,,BrkFace,149.0,Gd,TA,No,Unf,Unf,Gd,Attchd,2002.0,RFn,TA,TA,,,
74.0,,,0.0,TA,TA,Av,Unf,Unf,,Attchd,1953.0,Unf,TA,TA,,GdWo,
84.0,,,0.0,TA,Gd,Av,ALQ,Unf,Gd,Attchd,1950.0,Unf,TA,TA,,MnPrv,
78.0,,Stone,194.0,Gd,TA,No,Unf,Unf,Gd,Attchd,2008.0,Fin,TA,TA,,,
77.0,,,0.0,Gd,TA,Av,ALQ,LwQ,TA,Attchd,1975.0,RFn,TA,TA,,,
70.0,,,0.0,TA,TA,No,Rec,Unf,,Detchd,1977.0,Fin,TA,TA,,,
,,BrkFace,31.0,TA,TA,No,BLQ,Unf,,Detchd,1970.0,Unf,TA,TA,,MnPrv,
34.0,,BrkFace,182.0,Gd,TA,Av,GLQ,LwQ,,Attchd,1998.0,Fin,TA,TA,,,
,,,0.0,Gd,TA,Mn,GLQ,Unf,Gd,Attchd,1996.0,Unf,TA,TA,,,
74.0,,,0.0,Gd,TA,Av,Unf,Unf,,Attchd,2006.0,RFn,TA,TA,,,
71.0,,,0.0,TA,TA,No,Rec,Unf,,Detchd,2000.0,Unf,TA,TA,,MnPrv,
70.0,,BrkFace,109.0,Gd,TA,Av,GLQ,Unf,,Attchd,2004.0,RFn,TA,TA,,,
96.0,,BrkFace,651.0,Gd,TA,Gd,GLQ,Unf,TA,Attchd,1993.0,RFn,TA,TA,,,
34.0,,Stone,166.0,Gd,TA,No,GLQ,Unf,Gd,Attchd,2008.0,RFn,TA,TA,,,
,,BrkFace,340.0,,,,,,,Detchd,1949.0,Unf,TA,TA,,,
114.0,,,0.0,Gd,TA,Mn,GLQ,Unf,TA,Attchd,1990.0,Fin,TA,TA,,,
80.0,,BrkFace,168.0,TA,TA,No,Unf,Unf,,Attchd,1969.0,Unf,TA,TA,,,
85.0,,Stone,410.0,Gd,Gd,Av,Unf,Unf,Gd,Attchd,2006.0,RFn,TA,TA,,,
,,BrkFace,336.0,Ex,TA,No,GLQ,Unf,Ex,Attchd,1990.0,RFn,Gd,Gd,,,
76.0,,Stone,140.0,Gd,TA,Av,Unf,Unf,,Attchd,2007.0,Fin,TA,TA,,,
77.0,,,0.0,Gd,TA,Av,ALQ,LwQ,TA,Attchd,1975.0,RFn,TA,TA,,,
60.0,Pave,,0.0,Gd,Gd,No,Unf,Unf,Gd,Attchd,2006.0,RFn,TA,TA,,,
48.0,,Stone,94.0,Gd,TA,No,Unf,Unf,Gd,Attchd,2005.0,RFn,TA,TA,,,
,,BrkFace,289.0,TA,TA,No,GLQ,Unf,,Attchd,1976.0,RFn,TA,TA,,,
85.0,,,0.0,Gd,TA,No,Unf,Unf,Gd,Attchd,2005.0,Fin,TA,TA,,,
,,BrkFace,151.0,TA,TA,No,ALQ,Unf,,Attchd,1955.0,Unf,TA,TA,,,
,,,0.0,Gd,TA,No,Unf,Unf,,Attchd,2003.0,Fin,TA,TA,,,
,,BrkFace,106.0,Gd,TA,No,GLQ,Unf,,Attchd,1992.0,RFn,TA,TA,,,
60.0,,BrkFace,246.0,Ex,TA,No,GLQ,Unf,Gd,Attchd,2005.0,Fin,TA,TA,,,
110.0,,,0.0,Gd,TA,Gd,LwQ,GLQ,,CarPort,1963.0,Unf,TA,TA,,,
60.0,Grvl,,0.0,TA,Fa,No,Unf,Unf,,2Types,1920.0,Unf,Fa,Fa,,,
51.0,,,0.0,TA,TA,No,Rec,Unf,,Detchd,1925.0,Unf,TA,TA,,MnPrv,Shed
63.0,,,0.0,TA,TA,No,Unf,Unf,,Attchd,1940.0,Unf,Fa,TA,,,
,,,0.0,TA,TA,Av,ALQ,Unf,,Detchd,2002.0,Unf,TA,TA,,,
100.0,,BrkFace,75.0,,,,,,TA,Attchd,1960.0,Unf,TA,TA,,GdPrv,
69.0,,,0.0,TA,TA,No,Rec,Unf,TA,Attchd,1957.0,Fin,TA,TA,,MnWw,
64.0,,,0.0,Gd,TA,No,GLQ,Unf,,Attchd,2004.0,RFn,TA,TA,,,
21.0,,BrkFace,408.0,TA,Fa,No,BLQ,Unf,,Detchd,1973.0,Unf,TA,TA,,,
70.0,,,0.0,TA,TA,No,ALQ,Unf,,Detchd,1994.0,Unf,TA,TA,,,
70.0,,,0.0,Gd,TA,Gd,GLQ,Unf,,,,,,,,,
89.0,,BrkFace,80.0,Gd,TA,Gd,Unf,Unf,Gd,Attchd,2007.0,Fin,TA,TA,,,
,,BrkFace,153.0,Gd,TA,No,GLQ,Unf,,Attchd,1977.0,Fin,TA,TA,,MnPrv,Shed
,,,0.0,TA,TA,No,ALQ,Unf,,Detchd,1979.0,Unf,TA,TA,,,
70.0,,,0.0,TA,TA,No,BLQ,Rec,,Detchd,1965.0,Unf,TA,TA,,GdWo,
,,,0.0,Gd,TA,Av,GLQ,Unf,Fa,Attchd,1992.0,Fin,TA,TA,,,
60.0,,,0.0,TA,TA,No,Unf,Unf,,,,,,,,,
85.0,,Stone,119.0,Gd,TA,No,ALQ,Rec,TA,Attchd,1978.0,Unf,TA,TA,,MnPrv,
66.0,,,0.0,TA,TA,No,BLQ,Unf,,Attchd,1953.0,Unf,TA,TA,,,
,,,,Gd,TA,No,GLQ,Unf,TA,BuiltIn,2002.0,Fin,TA,TA,,,
96.0,,Stone,230.0,Ex,TA,Gd,GLQ,Unf,Gd,Attchd,2008.0,Fin,TA,TA,,,
,,BrkFace,731.0,Gd,TA,Mn,GLQ,Unf,TA,Attchd,1998.0,Fin,TA,TA,,,
60.0,,,0.0,TA,TA,No,Unf,Unf,,Detchd,1971.0,Unf,TA,TA,,,
,,,0.0,TA,TA,Av,ALQ,Unf,,Detchd,2002.0,Unf,TA,TA,,,
80.0,,BrkFace,148.0,TA,TA,Mn,ALQ,Unf,,Attchd,1963.0,RFn,TA,TA,,MnPrv,
79.0,,,0.0,TA,TA,No,BLQ,LwQ,,Attchd,1953.0,Unf,TA,TA,,GdWo,
60.0,Grvl,,0.0,Fa,TA,No,Unf,Unf,,Detchd,1954.0,Unf,Fa,Fa,,,Shed
,,,0.0,Gd,TA,Av,GLQ,Unf,Fa,Attchd,1992.0,Fin,TA,TA,,,
76.0,,,0.0,Gd,TA,No,GLQ,Unf,,BuiltIn,2004.0,RFn,TA,TA,,,
,,,0.0,Gd,TA,No,Unf,Unf,,Attchd,1987.0,RFn,TA,TA,,,
50.0,,,0.0,TA,TA,No,LwQ,ALQ,,Detchd,1974.0,Unf,TA,TA,,,
,,,0.0,TA,TA,Mn,Unf,Unf,TA,Attchd,1940.0,Unf,TA,TA,,,
35.0,,BrkFace,218.0,Gd,TA,No,GLQ,Unf,,Detchd,1999.0,Unf,TA,TA,,,
64.0,,,0.0,Gd,TA,No,Rec,Unf,,Attchd,2003.0,RFn,TA,TA,,,
54.0,,BrkFace,72.0,Gd,Gd,No,GLQ,LwQ,TA,Attchd,1987.0,Unf,TA,TA,,,
65.0,,,0.0,TA,TA,Gd,GLQ,Unf,Gd,Attchd,1968.0,Unf,TA,TA,,,
80.0,,Stone,246.0,Gd,TA,No,GLQ,Unf,,Attchd,2004.0,Fin,TA,TA,,,
43.0,,Stone,240.0,Gd,TA,Av,GLQ,Unf,Gd,Attchd,2005.0,RFn,TA,TA,,,
,,,0.0,TA,TA,No,ALQ,Unf,,Detchd,1962.0,Unf,TA,TA,,,
60.0,Grvl,,0.0,TA,TA,No,Unf,Unf,,Detchd,1998.0,Unf,TA,TA,,MnPrv,
98.0,,,0.0,TA,TA,No,BLQ,Unf,Gd,Detchd,1972.0,Unf,TA,TA,,,
104.0,,Stone,860.0,Ex,TA,No,Unf,Unf,Gd,BuiltIn,2009.0,Fin,TA,TA,,,
75.0,,BrkFace,105.0,TA,TA,Gd,ALQ,Unf,,Attchd,1958.0,RFn,TA,TA,,,
98.0,,BrkFace,378.0,Ex,TA,Gd,GLQ,Unf,Gd,Attchd,2004.0,Fin,TA,TA,,,
,,,0.0,Gd,TA,Mn,BLQ,Unf,Gd,Attchd,1954.0,Unf,TA,TA,,GdPrv,
116.0,,BrkFace,246.0,Gd,TA,No,ALQ,Unf,TA,Attchd,1990.0,RFn,TA,TA,,,
41.0,,,0.0,TA,TA,No,ALQ,Rec,TA,Attchd,1977.0,RFn,TA,TA,,,
72.0,,BrkFace,120.0,TA,TA,No,BLQ,Unf,,Attchd,1956.0,Unf,TA,TA,,,
75.0,,BrkFace,202.0,Gd,TA,Av,ALQ,Unf,TA,Attchd,1998.0,Fin,TA,TA,,,
100.0,,,0.0,Gd,TA,No,GLQ,Unf,Gd,Attchd,2004.0,RFn,TA,TA,,GdWo,
55.0,,,0.0,TA,TA,No,Unf,Unf,,,,,,,,GdWo,Shed
75.0,,Stone,186.0,Ex,TA,Av,GLQ,Unf,Gd,Attchd,2004.0,RFn,TA,TA,,,
65.0,,,0.0,Gd,TA,Av,Unf,Unf,Gd,Attchd,2007.0,Fin,TA,TA,,,
70.0,,,0.0,TA,TA,No,BLQ,LwQ,,Detchd,1964.0,Unf,TA,TA,,,
66.0,Pave,,0.0,TA,TA,Mn,Unf,Unf,,Detchd,1964.0,RFn,TA,TA,,,
80.0,,BrkFace,237.0,TA,TA,No,Unf,Unf,Gd,Attchd,1962.0,RFn,TA,TA,,GdPrv,
98.0,,Stone,248.0,Gd,TA,No,Unf,Unf,Gd,Attchd,2006.0,RFn,TA,TA,,,
128.0,,BrkFace,90.0,TA,TA,No,BLQ,Unf,TA,Attchd,1953.0,RFn,TA,TA,,,
50.0,,,0.0,Fa,TA,No,Unf,Unf,,Attchd,1938.0,Unf,TA,TA,,,
130.0,,Stone,762.0,Ex,TA,Gd,GLQ,Unf,Gd,BuiltIn,2007.0,Fin,TA,TA,,,
82.0,,BrkFace,70.0,TA,TA,No,Unf,Unf,,2Types,1989.0,Unf,TA,TA,,,
32.0,,BrkFace,320.0,Ex,TA,No,GLQ,Unf,,Attchd,1998.0,Fin,TA,TA,,,
153.0,Grvl,,0.0,TA,TA,No,Unf,Unf,,,,,,,,,
90.0,,,0.0,TA,TA,Mn,Unf,Unf,TA,Detchd,1993.0,Unf,Ex,TA,,GdPrv,
84.0,,,0.0,Gd,TA,Av,GLQ,Unf,,Attchd,2006.0,RFn,TA,TA,,,
,,BrkFace,75.0,TA,TA,No,GLQ,Unf,,Attchd,1967.0,Unf,TA,TA,,MnPrv,
66.0,,,0.0,Gd,TA,Mn,Unf,Unf,Gd,Detchd,1955.0,Fin,TA,TA,,,
120.0,,,0.0,TA,TA,No,Rec,Unf,TA,Basment,1935.0,Unf,TA,TA,,,
24.0,,,0.0,Gd,TA,No,ALQ,Unf,TA,Detchd,1976.0,Unf,TA,TA,,,
80.0,,BrkFace,361.0,TA,TA,No,Rec,Unf,,Detchd,1960.0,Unf,TA,TA,,,
52.0,,,0.0,TA,TA,No,Unf,Unf,Gd,Detchd,1930.0,Unf,TA,TA,,,
,,,0.0,TA,TA,No,LwQ,BLQ,Gd,Attchd,1955.0,Fin,TA,TA,,GdWo,
24.0,,,0.0,Gd,TA,No,ALQ,Unf,TA,Attchd,1978.0,Unf,TA,TA,,,
,,,0.0,Gd,TA,Av,BLQ,ALQ,,Attchd,1983.0,Unf,TA,TA,,MnPrv,
66.0,Pave,,0.0,TA,TA,Mn,Unf,Unf,,Detchd,1964.0,RFn,TA,TA,,,
80.0,,,0.0,Gd,TA,No,Unf,Unf,,Attchd,2003.0,RFn,TA,TA,,,
50.0,Grvl,,0.0,TA,TA,No,ALQ,Unf,,Detchd,1936.0,Unf,TA,TA,,,
63.0,,Stone,748.0,Ex,TA,No,GLQ,Unf,Gd,Attchd,2009.0,Fin,TA,TA,,,
,,,0.0,Gd,TA,No,Unf,Unf,TA,Attchd,1998.0,Fin,TA,TA,,,
,,,0.0,Gd,TA,No,ALQ,Unf,TA,Attchd,1977.0,RFn,TA,TA,,,
60.0,,,0.0,TA,Fa,Mn,Rec,Unf,Gd,Detchd,1900.0,Unf,TA,TA,,,
88.0,,,0.0,TA,TA,Av,ALQ,Unf,,Detchd,1987.0,Unf,TA,TA,,MnPrv,Shed
75.0,,,0.0,Gd,TA,No,Unf,Unf,Gd,BuiltIn,2003.0,Fin,TA,TA,,,
34.0,Pave,,0.0,Gd,TA,No,Unf,Unf,,Detchd,2007.0,Unf,TA,TA,,,
60.0,,,0.0,TA,TA,Av,ALQ,Unf,,Detchd,1989.0,Unf,TA,TA,,,
60.0,,,0.0,TA,TA,No,Rec,Unf,TA,Detchd,1956.0,Unf,TA,TA,,,
,,,0.0,,,,,,TA,Attchd,1979.0,Unf,TA,TA,,,
78.0,,BrkFace,90.0,Gd,TA,Gd,GLQ,Unf,,Attchd,1977.0,Unf,TA,TA,,,
65.0,,BrkFace,766.0,Ex,TA,No,GLQ,Unf,Gd,Attchd,2008.0,Fin,TA,TA,,,
92.0,,Stone,186.0,Gd,TA,No,Unf,Unf,,Attchd,2008.0,RFn,TA,TA,,,
36.0,,,0.0,TA,TA,Av,BLQ,Unf,Fa,Attchd,1972.0,Unf,TA,TA,,,
80.0,,BrkFace,172.0,Gd,TA,No,GLQ,Unf,TA,Attchd,2001.0,RFn,TA,TA,,,
93.0,,BrkFace,650.0,Gd,TA,No,Unf,Unf,TA,BuiltIn,1998.0,Fin,TA,TA,,,
73.0,,BrkFace,228.0,Gd,TA,Av,Unf,Unf,,Attchd,2005.0,RFn,TA,TA,,,
52.0,,BrkFace,528.0,Gd,Gd,No,GLQ,Rec,TA,Attchd,1994.0,RFn,TA,TA,,,
70.0,,BrkFace,168.0,TA,TA,Av,BLQ,Unf,,Attchd,1968.0,RFn,TA,TA,,GdWo,
73.0,,,0.0,Gd,Gd,Mn,GLQ,Unf,,Attchd,2006.0,RFn,TA,TA,,,
78.0,,,0.0,Gd,TA,No,GLQ,Unf,TA,Attchd,1976.0,RFn,TA,TA,,GdWo,
60.0,,,0.0,TA,TA,No,Unf,Unf,,Detchd,2003.0,Unf,TA,TA,,,
,,,0.0,Gd,TA,No,GLQ,Unf,TA,Attchd,2000.0,RFn,TA,TA,,,
67.0,,Stone,268.0,Ex,TA,Av,GLQ,Unf,Gd,Attchd,2008.0,Fin,TA,TA,,,
,,BrkFace,106.0,Gd,TA,No,GLQ,Unf,,Attchd,1992.0,RFn,TA,TA,,,
107.0,,Stone,424.0,Ex,TA,Gd,Unf,Unf,Gd,BuiltIn,2009.0,RFn,TA,TA,,,
63.0,,,0.0,Gd,TA,Av,GLQ,Unf,Gd,Attchd,2005.0,Fin,TA,TA,,,
,,BrkFace,151.0,TA,TA,No,ALQ,Unf,,Attchd,1955.0,Unf,TA,TA,,,
78.0,,,0.0,TA,TA,No,ALQ,Unf,TA,Attchd,1972.0,RFn,TA,TA,,,
24.0,,Stone,50.0,Gd,TA,No,Unf,Unf,,Detchd,2004.0,Unf,TA,TA,,,
60.0,,,0.0,Fa,TA,No,Unf,Unf,,Detchd,1966.0,Unf,TA,TA,,,
95.0,,,0.0,TA,Gd,Gd,ALQ,Rec,TA,Attchd,1970.0,Unf,TA,TA,,,
75.0,,,0.0,TA,TA,No,Unf,Unf,Gd,Detchd,1988.0,Unf,Gd,TA,,,
,,,0.0,Gd,Gd,Gd,GLQ,LwQ,,Detchd,1981.0,Unf,TA,Fa,,MnPrv,
58.0,,,0.0,Gd,Gd,Av,GLQ,Unf,Gd,Attchd,2006.0,RFn,TA,TA,,,
65.0,,,0.0,TA,TA,No,Unf,Unf,Gd,Detchd,1916.0,Unf,TA,TA,,,
21.0,,BrkFace,408.0,TA,Fa,No,BLQ,Unf,,Detchd,1973.0,Unf,TA,TA,,,
75.0,,Stone,260.0,Gd,TA,No,Rec,Unf,,Attchd,1964.0,RFn,TA,Gd,,MnPrv,
82.0,,BrkFace,340.0,Gd,TA,Av,GLQ,Unf,TA,Attchd,1989.0,Fin,TA,TA,,,
60.0,,,0.0,Gd,TA,Av,GLQ,Unf,,CarPort,1969.0,Unf,Fa,TA,,,
63.0,,,0.0,Gd,TA,No,Unf,Unf,,Detchd,2003.0,Unf,TA,TA,,,
81.0,,BrkFace,448.0,Gd,TA,No,GLQ,Unf,TA,Attchd,1994.0,RFn,TA,TA,,,
,,,0.0,Gd,TA,No,LwQ,Unf,,Attchd,1976.0,RFn,TA,TA,,,
45.0,Grvl,,0.0,TA,Fa,No,Rec,Unf,,Detchd,1938.0,Unf,TA,Fa,,,
120.0,,,0.0,TA,TA,No,Unf,Unf,,Detchd,1994.0,RFn,TA,TA,,,Shed
80.0,,BrkFace,44.0,Gd,TA,No,GLQ,Unf,Gd,BuiltIn,2002.0,Fin,TA,TA,,,
60.0,,,0.0,TA,TA,Mn,Unf,Unf,Po,Detchd,2003.0,Unf,TA,TA,,MnPrv,Shed
107.0,,Stone,424.0,Ex,TA,Gd,Unf,Unf,Gd,BuiltIn,2009.0,RFn,TA,TA,,,
21.0,,BrkFace,604.0,TA,TA,No,ALQ,Unf,,Detchd,1971.0,Unf,TA,TA,,,
53.0,,,0.0,Gd,TA,No,ALQ,Unf,Fa,Attchd,1977.0,RFn,TA,TA,,,
21.0,,,0.0,Gd,TA,Av,LwQ,GLQ,,,,,,,,,
,,,0.0,,,,,,,Detchd,1957.0,Unf,TA,TA,,,
130.0,,,0.0,Gd,TA,Mn,GLQ,Unf,TA,Attchd,1988.0,Unf,TA,TA,,,
60.0,,,0.0,TA,TA,No,Unf,Unf,TA,Detchd,1977.0,Unf,Fa,Fa,,,
60.0,Grvl,,0.0,TA,TA,Mn,Unf,Unf,,Detchd,1925.0,Unf,TA,Fa,,GdWo,
69.0,,,0.0,TA,TA,No,Rec,Unf,TA,Attchd,1957.0,Fin,TA,TA,,MnWw,
34.0,,Stone,108.0,Gd,Gd,Mn,GLQ,Unf,Gd,Attchd,2006.0,RFn,TA,TA,,,
51.0,,,0.0,Gd,TA,No,Unf,Unf,,Attchd,2005.0,Fin,TA,TA,,,
60.0,,,0.0,TA,TA,Av,Rec,Unf,,Detchd,1985.0,RFn,TA,TA,,,
,,,0.0,TA,TA,No,BLQ,Rec,Gd,Attchd,1968.0,RFn,Gd,TA,,,
112.0,,,0.0,Gd,TA,No,Unf,Unf,,Attchd,1995.0,Unf,TA,TA,,,
89.0,,,0.0,Ex,TA,Gd,Unf,Unf,Gd,Attchd,2009.0,Fin,TA,TA,,,
72.0,,,0.0,Gd,TA,No,Unf,Unf,,Attchd,2003.0,RFn,TA,TA,,,
40.0,Pave,,0.0,TA,TA,Mn,LwQ,Unf,,Detchd,1926.0,Unf,TA,TA,,,
60.0,Grvl,,0.0,Fa,TA,No,ALQ,Unf,TA,Attchd,1950.0,Unf,TA,TA,,,Shed
37.0,,,0.0,TA,TA,Av,GLQ,Unf,,Detchd,1984.0,Unf,TA,TA,,GdPrv,
32.0,,Stone,117.0,Gd,TA,No,Unf,Unf,,Detchd,2004.0,Unf,TA,TA,,,
74.0,,,0.0,TA,TA,Av,Unf,Unf,,Attchd,1953.0,Unf,TA,TA,,GdWo,
65.0,,BrkFace,144.0,Gd,TA,,Unf,Unf,TA,Attchd,2002.0,RFn,TA,TA,,,
,,BrkFace,289.0,TA,TA,No,GLQ,Unf,,Attchd,1976.0,RFn,TA,TA,,,
98.0,,Stone,248.0,Gd,TA,No,Unf,Unf,Gd,Attchd,2006.0,RFn,TA,TA,,,
60.0,,,0.0,TA,TA,No,ALQ,Unf,,Detchd,1940.0,Unf,TA,TA,,,
60.0,,,0.0,,,,,,,Detchd,1949.0,Unf,TA,TA,,,
79.0,,BrkFace,157.0,Gd,TA,No,BLQ,LwQ,TA,Attchd,1980.0,Unf,TA,TA,,,
24.0,,,0.0,TA,TA,No,ALQ,Rec,Fa,Attchd,1974.0,Unf,TA,TA,,,
60.0,,,0.0,Fa,TA,No,Unf,Unf,,Detchd,1916.0,Unf,Fa,Fa,,MnPrv,
52.0,,BrkFace,108.0,Fa,TA,Mn,Unf,Unf,,Detchd,1953.0,Unf,TA,TA,,,
60.0,,,0.0,TA,TA,No,ALQ,Unf,,Detchd,1974.0,Unf,TA,TA,,GdWo,
82.0,,BrkFace,673.0,Gd,TA,Mn,GLQ,Unf,Gd,Attchd,1999.0,RFn,TA,TA,,,
,,,0.0,Gd,TA,No,Unf,Unf,,Attchd,1987.0,RFn,TA,TA,,,
,,,0.0,Gd,TA,No,GLQ,Unf,Gd,Attchd,1992.0,RFn,TA,TA,,,
50.0,,,0.0,TA,TA,No,Unf,Unf,,Detchd,1926.0,Unf,TA,TA,,,
75.0,,,0.0,TA,TA,No,ALQ,Unf,,Attchd,1963.0,Fin,TA,TA,,MnPrv,
67.0,,,0.0,Fa,TA,No,Unf,Unf,,,,,,,,MnPrv,
60.0,,,0.0,TA,TA,No,LwQ,Unf,Gd,Attchd,1940.0,Unf,TA,TA,,,
130.0,,,0.0,TA,Fa,No,Rec,Unf,TA,Detchd,1940.0,Unf,TA,TA,,,
,,BrkFace,731.0,Gd,TA,Mn,GLQ,Unf,TA,Attchd,1998.0,Fin,TA,TA,,,
21.0,,BrkFace,142.0,TA,TA,No,Unf,Unf,,Detchd,1991.0,Unf,TA,TA,,,
84.0,,,0.0,TA,TA,No,Unf,Unf,,Detchd,1923.0,Unf,Fa,Fa,,,
69.0,,,0.0,TA,TA,Av,BLQ,Unf,,Attchd,1962.0,Unf,TA,TA,,,
52.0,,,0.0,TA,Fa,No,LwQ,Unf,Gd,Detchd,1949.0,Unf,TA,TA,,MnPrv,
84.0,,BrkFace,101.0,TA,TA,No,Rec,Unf,TA,Attchd,1965.0,RFn,TA,TA,,GdWo,
60.0,,,0.0,TA,TA,No,Unf,Unf,,Detchd,1971.0,Unf,TA,TA,,,
60.0,,,0.0,TA,TA,No,LwQ,Unf,Gd,Attchd,1949.0,Unf,TA,TA,,,
71.0,,,0.0,Ex,TA,No,ALQ,Unf,TA,BuiltIn,2001.0,Fin,TA,TA,,,
60.0,Pave,,0.0,Fa,TA,No,Unf,Unf,TA,Detchd,2003.0,Unf,Gd,TA,,,
36.0,,Stone,106.0,Gd,TA,No,Unf,Unf,,BuiltIn,2003.0,RFn,TA,TA,,,
,,,0.0,TA,TA,No,ALQ,BLQ,Gd,Attchd,1958.0,Unf,TA,TA,,,
86.0,,BrkFace,240.0,Gd,TA,Av,GLQ,Unf,,Attchd,2005.0,RFn,TA,TA,,,
,,BrkFace,451.0,TA,TA,No,ALQ,Rec,Gd,Attchd,1963.0,Unf,TA,TA,,,
48.0,,BrkFace,171.0,Gd,TA,Av,BLQ,GLQ,TA,Attchd,2003.0,Fin,TA,TA,,,
62.0,,,0.0,Gd,TA,Gd,ALQ,Unf,TA,Attchd,1975.0,Unf,TA,TA,,,
75.0,,Stone,36.0,Gd,TA,Av,GLQ,Unf,,Attchd,2008.0,RFn,TA,TA,,,
50.0,,,0.0,TA,TA,No,Unf,Unf,,,,,,,,GdWo,
82.0,,BrkFace,290.0,Gd,TA,No,GLQ,Unf,TA,Attchd,1995.0,RFn,TA,TA,,,
24.0,,,0.0,Gd,TA,No,ALQ,Unf,TA,Attchd,1978.0,Unf,TA,TA,,,
80.0,,BrkFace,246.0,Gd,TA,No,GLQ,Unf,TA,Attchd,1993.0,Fin,TA,TA,,GdPrv,
80.0,,,288.0,TA,TA,No,Rec,Unf,TA,Attchd,1972.0,RFn,TA,TA,,,
60.0,,,0.0,TA,TA,No,Unf,Unf,,Detchd,1935.0,Unf,Fa,TA,,,
101.0,,BrkFace,305.0,Gd,TA,Gd,GLQ,Unf,Gd,Basment,1962.0,RFn,TA,TA,,,
62.0,,,0.0,TA,TA,No,ALQ,Rec,,,,,,,,,
98.0,,Stone,248.0,Gd,TA,No,Unf,Unf,Gd,Attchd,2006.0,RFn,TA,TA,,,
51.0,,,0.0,TA,TA,No,BLQ,Unf,,Detchd,1931.0,Unf,Fa,TA,,,
50.0,,,0.0,TA,TA,No,Unf,Unf,,,,,,,,GdWo,
,,,0.0,TA,TA,No,Rec,Unf,TA,,,,,,,GdWo,
68.0,,,0.0,TA,TA,No,LwQ,Unf,,Detchd,1999.0,Unf,TA,TA,,,
75.0,,,0.0,TA,TA,Mn,BLQ,Unf,,Attchd,1965.0,Unf,TA,TA,,,
75.0,,Stone,284.0,Gd,TA,No,Unf,Unf,Gd,Attchd,2008.0,Fin,TA,TA,,,
85.0,,,0.0,Ex,TA,Av,Unf,Unf,,Attchd,2007.0,RFn,TA,TA,,,
75.0,,BrkFace,136.0,TA,TA,No,Rec,Unf,,Attchd,1961.0,Unf,TA,TA,,GdWo,
21.0,,,0.0,Gd,TA,Av,GLQ,Unf,,Attchd,1970.0,Unf,TA,TA,,,
70.0,,BrkFace,105.0,Gd,Gd,No,GLQ,Unf,,Attchd,1994.0,RFn,TA,TA,,,
51.0,,,0.0,TA,TA,No,ALQ,Unf,,Detchd,1946.0,Unf,TA,TA,,MnPrv,
42.0,,BrkFace,293.0,Gd,TA,Gd,GLQ,Unf,Gd,Attchd,1989.0,RFn,TA,TA,,,
,,,0.0,Gd,TA,No,GLQ,Unf,TA,Attchd,2000.0,RFn,TA,TA,,,
60.0,,BrkFace,16.0,Gd,TA,No,Unf,Unf,TA,Attchd,2000.0,Fin,TA,TA,,,
,,BrkFace,184.0,Gd,TA,Mn,ALQ,Rec,Gd,Basment,1953.0,Unf,TA,TA,,MnPrv,
64.0,,BrkFace,108.0,Gd,TA,No,GLQ,Unf,,Attchd,2007.0,RFn,TA,TA,,,
95.0,,Stone,567.0,TA,TA,No,Rec,Unf,,Detchd,1948.0,Unf,TA,Fa,,,
63.0,,,0.0,Gd,TA,Av,GLQ,Unf,Gd,Attchd,2005.0,Fin,TA,TA,,,
100.0,,,0.0,Gd,TA,No,GLQ,Unf,Gd,Attchd,2004.0,RFn,TA,TA,,GdWo,
,,BrkFace,479.0,Gd,TA,Av,GLQ,Unf,TA,Attchd,2001.0,RFn,TA,TA,,MnPrv,Shed
71.0,,BrkFace,166.0,TA,TA,Mn,GLQ,Unf,,Detchd,1977.0,Unf,TA,TA,,MnPrv,
56.0,Grvl,,0.0,TA,TA,No,Unf,Unf,Gd,Detchd,1927.0,Unf,TA,TA,,,
69.0,,BrkFace,238.0,Gd,TA,Gd,GLQ,Unf,TA,Attchd,2005.0,Fin,TA,TA,,,
60.0,,,0.0,TA,TA,No,Unf,Unf,,Detchd,1920.0,Unf,Fa,TA,,,
61.0,,Stone,256.0,Gd,TA,Av,ALQ,Unf,Gd,Attchd,2005.0,RFn,TA,TA,,,
60.0,,,0.0,TA,TA,No,Rec,BLQ,Po,Detchd,1965.0,Unf,TA,TA,,GdWo,
60.0,,,0.0,Gd,TA,No,GLQ,Unf,,,,,,,,,
81.0,,,0.0,Gd,Gd,No,Unf,Unf,Gd,Attchd,2006.0,RFn,TA,TA,,,
,,BrkFace,312.0,TA,TA,Av,Rec,Unf,TA,Attchd,1969.0,RFn,TA,TA,,,
72.0,,,0.0,Gd,TA,Mn,GLQ,Unf,,Attchd,2009.0,Unf,TA,TA,,,
,,BrkFace,298.0,Gd,TA,No,ALQ,Unf,TA,BuiltIn,1999.0,RFn,TA,TA,,GdPrv,
,,BrkFace,216.0,Gd,TA,No,GLQ,Unf,,Detchd,2000.0,Unf,TA,TA,,,
60.0,,,0.0,TA,TA,No,Unf,Unf,,Detchd,1940.0,Unf,TA,TA,,,
63.0,,BrkFace,106.0,Gd,TA,Av,Unf,Unf,,Attchd,2004.0,RFn,TA,TA,,,
80.0,,BrkFace,340.0,TA,TA,Gd,BLQ,Rec,Fa,Attchd,1964.0,RFn,TA,TA,,MnWw,
70.0,,,0.0,TA,TA,No,ALQ,Unf,,Detchd,1994.0,Unf,TA,TA,,,
59.0,,,0.0,TA,TA,No,Unf,Unf,,Detchd,1962.0,Unf,TA,TA,,,
60.0,Grvl,,0.0,Gd,TA,No,LwQ,Unf,TA,Detchd,1920.0,Unf,Fa,TA,,MnPrv,Shed
,,,0.0,TA,TA,No,Rec,Unf,,Attchd,1961.0,Unf,TA,TA,,,
21.0,,,0.0,Gd,TA,Av,GLQ,Unf,,,,,,,,,
50.0,,BrkFace,27.0,Gd,TA,No,Unf,Unf,Gd,Attchd,2006.0,RFn,TA,TA,,,
60.0,,,0.0,TA,TA,No,LwQ,Unf,Gd,Attchd,1949.0,Unf,TA,TA,,,
106.0,,BrkFace,40.0,Gd,TA,No,Unf,Unf,TA,Attchd,2000.0,RFn,TA,TA,,,
66.0,,,0.0,Gd,TA,Mn,Unf,Unf,Gd,Detchd,1955.0,Fin,TA,TA,,,
,,,0.0,Gd,TA,Av,ALQ,Unf,TA,Attchd,1976.0,RFn,TA,TA,,,
69.0,,BrkFace,85.0,TA,TA,No,Rec,BLQ,,2Types,1998.0,RFn,TA,TA,,MnWw,
50.0,Grvl,,0.0,TA,TA,No,ALQ,Unf,,Detchd,1936.0,Unf,TA,TA,,,
75.0,,,0.0,,,,,,,,,,,,,,
75.0,,BrkFace,135.0,TA,TA,No,BLQ,Unf,,Attchd,1958.0,Unf,TA,TA,,,
70.0,,,0.0,TA,TA,No,ALQ,Unf,Po,,,,,,,,
109.0,,,0.0,Gd,TA,No,BLQ,Unf,Po,Attchd,1968.0,Fin,TA,TA,,,
,,BrkCmn,328.0,TA,TA,Mn,Rec,Unf,TA,Attchd,1978.0,Fin,TA,TA,,GdPrv,
65.0,,,0.0,Gd,TA,No,GLQ,Unf,,Attchd,1997.0,RFn,TA,TA,,MnPrv,
66.0,,BrkFace,176.0,TA,Fa,No,Rec,Unf,,Attchd,1958.0,Unf,TA,TA,,,
122.0,,,0.0,Gd,TA,Av,Unf,Unf,Gd,BuiltIn,2005.0,Fin,TA,TA,,,
42.0,,Stone,160.0,Ex,TA,Gd,GLQ,Unf,Gd,Attchd,2006.0,Fin,TA,TA,,,
54.0,,,0.0,TA,TA,No,Unf,Unf,Gd,Detchd,1921.0,Unf,Fa,TA,,,
82.0,,BrkFace,290.0,Gd,TA,No,GLQ,Unf,TA,Attchd,1995.0,RFn,TA,TA,,,
85.0,,Stone,162.0,Ex,TA,Mn,GLQ,Unf,Gd,Attchd,2009.0,Fin,TA,TA,,,
79.0,,Stone,268.0,Gd,TA,No,Unf,Unf,,Attchd,2009.0,RFn,TA,TA,,,
83.0,,Stone,0.0,Gd,TA,Av,Unf,Unf,,Attchd,2007.0,RFn,TA,TA,,,
80.0,,BrkFace,156.0,TA,TA,Gd,GLQ,Unf,,Attchd,1963.0,RFn,TA,TA,,MnPrv,
57.0,,,0.0,TA,TA,No,BLQ,Unf,,Attchd,1967.0,RFn,TA,TA,,,
79.0,,,0.0,TA,TA,No,BLQ,LwQ,,Attchd,1953.0,Unf,TA,TA,,GdWo,
60.0,,,0.0,,,,,,Po,Detchd,1967.0,Unf,TA,TA,,,
,,,0.0,Gd,TA,No,GLQ,Unf,TA,Attchd,1992.0,RFn,TA,TA,,,
60.0,,,0.0,Fa,Po,No,Unf,Unf,,Detchd,1920.0,Unf,Po,Po,,,
,,BrkFace,480.0,TA,TA,Mn,Rec,LwQ,Gd,Detchd,1977.0,Unf,TA,Fa,,,
43.0,,BrkFace,16.0,Gd,TA,Av,GLQ,Unf,,Attchd,2005.0,Fin,TA,TA,,,
30.0,Pave,,0.0,Gd,TA,No,Unf,Unf,,Detchd,2005.0,RFn,TA,TA,,,
134.0,,BrkFace,132.0,TA,TA,No,BLQ,Unf,Gd,Attchd,1959.0,Fin,TA,TA,,,
,,,0.0,TA,Gd,Av,GLQ,Unf,,Attchd,1965.0,Unf,TA,TA,,,
,,,0.0,Gd,TA,Gd,GLQ,Unf,TA,Attchd,1979.0,Fin,TA,TA,,,
,Pave,,0.0,TA,TA,No,Unf,Unf,,Detchd,1930.0,Unf,TA,TA,,,
60.0,Grvl,,0.0,TA,TA,No,Unf,Unf,,Detchd,1906.0,Unf,TA,TA,,MnPrv,
65.0,,,0.0,Gd,Gd,No,Unf,Unf,,Attchd,2006.0,RFn,TA,TA,,,
90.0,,,0.0,TA,TA,No,ALQ,Rec,TA,Attchd,1974.0,RFn,TA,TA,,,
80.0,,BrkFace,340.0,TA,TA,Gd,BLQ,Rec,Fa,Attchd,1964.0,RFn,TA,TA,,MnWw,
80.0,,,0.0,Gd,TA,Gd,ALQ,Unf,TA,Attchd,1976.0,RFn,TA,TA,,,
,,,0.0,TA,TA,Gd,LwQ,ALQ,Gd,Attchd,1974.0,RFn,TA,TA,,MnPrv,
60.0,,,0.0,Fa,TA,No,Unf,Unf,,Detchd,1989.0,Unf,TA,TA,,,
,,BrkFace,205.0,Gd,TA,Av,GLQ,Unf,Gd,Attchd,2004.0,RFn,TA,TA,,,
80.0,,Stone,464.0,Ex,TA,Mn,Unf,Unf,Gd,Attchd,2008.0,Fin,TA,TA,,,
75.0,,Stone,260.0,Gd,TA,No,Rec,Unf,,Attchd,1964.0,RFn,TA,Gd,,MnPrv,
,,,0.0,TA,TA,Gd,LwQ,ALQ,Gd,Attchd,1974.0,RFn,TA,TA,,MnPrv,
60.0,Pave,,0.0,Gd,Gd,No,Unf,Unf,Gd,Attchd,2006.0,RFn,TA,TA,,,
48.0,,BrkFace,171.0,Gd,TA,Av,BLQ,GLQ,TA,Attchd,2003.0,Fin,TA,TA,,,
,,Stone,240.0,Gd,TA,Mn,ALQ,BLQ,TA,Attchd,1973.0,RFn,TA,TA,,,Shed
84.0,,,0.0,Gd,TA,Av,GLQ,Unf,,Attchd,2006.0,RFn,TA,TA,,,
60.0,,,0.0,TA,TA,No,ALQ,Rec,,Detchd,1956.0,Unf,TA,TA,,,
65.0,,,0.0,Gd,TA,No,GLQ,Unf,,Attchd,1997.0,RFn,TA,TA,,MnPrv,
65.0,,,,Gd,TA,No,Unf,Unf,,Attchd,2007.0,RFn,TA,TA,,,
87.0,,,0.0,TA,TA,No,Unf,Unf,Ex,Attchd,2003.0,Unf,TA,TA,,,
50.0,,,0.0,TA,TA,No,Unf,Unf,,,,,,,,GdWo,
65.0,,,0.0,Gd,TA,No,GLQ,Unf,,Attchd,1996.0,Unf,TA,TA,,,
100.0,,,0.0,Gd,TA,No,GLQ,Unf,Gd,Attchd,2004.0,RFn,TA,TA,,GdWo,
106.0,,BrkFace,40.0,Gd,TA,No,Unf,Unf,TA,Attchd,2000.0,RFn,TA,TA,,,
85.0,,,0.0,TA,TA,No,ALQ,Unf,,Basment,1920.0,Unf,Fa,TA,,,Shed
57.0,,,0.0,Gd,TA,No,GLQ,Unf,,Detchd,1996.0,Unf,TA,TA,,,
,,,0.0,Gd,TA,Gd,GLQ,Unf,Fa,Attchd,1998.0,RFn,TA,TA,,,
59.0,,,0.0,Gd,TA,Av,Unf,Unf,Gd,BuiltIn,2004.0,Fin,TA,TA,,,
50.0,,,0.0,TA,TA,Av,BLQ,Unf,,Detchd,1958.0,Unf,TA,TA,,,
84.0,,BrkFace,101.0,TA,TA,No,Rec,Unf,TA,Attchd,1965.0,RFn,TA,TA,,GdWo,
73.0,,BrkFace,48.0,TA,TA,No,Rec,Unf,,Attchd,1965.0,Fin,TA,TA,,,
63.0,,,0.0,Gd,TA,No,Unf,Unf,,Detchd,2005.0,Unf,TA,TA,,,
71.0,,BrkFace,153.0,TA,TA,No,BLQ,Unf,,Detchd,1986.0,Unf,TA,TA,,,
37.0,,BrkFace,170.0,Gd,TA,Av,GLQ,Unf,,Attchd,2003.0,Fin,TA,TA,,,
87.0,,BrkFace,564.0,TA,TA,No,Unf,Unf,,Detchd,1973.0,Unf,TA,TA,,,
,,BrkFace,151.0,TA,TA,No,ALQ,Unf,,Attchd,1955.0,Unf,TA,TA,,,
,,BrkFace,178.0,Gd,TA,Gd,Unf,Unf,TA,Attchd,2001.0,RFn,TA,TA,,,
54.0,,BrkFace,72.0,Gd,Gd,No,GLQ,LwQ,TA,Attchd,1987.0,Unf,TA,TA,,,
60.0,,,0.0,TA,Fa,No,Unf,Unf,,Detchd,1997.0,Unf,TA,Gd,,,
65.0,,BrkFace,60.0,TA,TA,No,BLQ,Unf,,Attchd,1967.0,RFn,TA,TA,,GdWo,
64.0,,,0.0,TA,TA,Mn,BLQ,Unf,,Detchd,1968.0,Unf,TA,TA,,,
54.0,,,0.0,Gd,TA,Av,ALQ,Unf,,Detchd,1987.0,Unf,TA,TA,,,
90.0,,Stone,215.0,Gd,TA,Av,GLQ,Unf,TA,Attchd,2002.0,Fin,TA,TA,,,
73.0,,,0.0,Gd,TA,Av,Unf,Unf,,Attchd,2007.0,Fin,TA,TA,,,
85.0,,BrkFace,296.0,Gd,TA,No,GLQ,,Gd,Attchd,2003.0,RFn,TA,TA,,,
56.0,Grvl,,0.0,TA,TA,No,Unf,Unf,Gd,Detchd,1927.0,Unf,TA,TA,,,
85.0,,BrkFace,108.0,Gd,TA,Gd,LwQ,ALQ,,Attchd,1964.0,RFn,TA,TA,,MnPrv,
150.0,,,0.0,Gd,TA,Gd,ALQ,Rec,Gd,Attchd,1965.0,RFn,TA,TA,,,
90.0,,,0.0,Gd,TA,No,Unf,Unf,,,,,,,,,
80.0,,BrkCmn,491.0,TA,TA,No,ALQ,Rec,TA,Attchd,1961.0,Unf,TA,TA,,,
96.0,,,0.0,Gd,TA,Mn,Unf,Unf,,Detchd,1914.0,Unf,Fa,Fa,,,
68.0,,,0.0,TA,TA,No,LwQ,Unf,,Detchd,1999.0,Unf,TA,TA,,,
72.0,,,0.0,Gd,TA,No,GLQ,Unf,TA,Attchd,2009.0,RFn,TA,TA,,,
,,,0.0,Gd,TA,Gd,BLQ,Unf,Gd,Attchd,1954.0,Fin,TA,TA,,,
60.0,,,0.0,TA,Fa,No,Unf,Unf,,Detchd,1935.0,Unf,TA,TA,,,
67.0,,,0.0,TA,TA,No,Rec,Unf,,,,,,,,,
114.0,,BrkFace,816.0,Ex,TA,Av,GLQ,Unf,Gd,Attchd,2007.0,Fin,TA,TA,,,
75.0,,,0.0,,,,,,,Attchd,1977.0,Unf,TA,TA,,,
62.0,,,0.0,TA,TA,No,BLQ,Unf,,Attchd,1968.0,RFn,TA,TA,,GdWo,Shed
100.0,,BrkCmn,272.0,TA,TA,No,Rec,Unf,TA,Attchd,1964.0,RFn,TA,TA,,GdPrv,
98.0,,BrkFace,306.0,Ex,TA,No,Unf,Unf,Gd,Attchd,2009.0,RFn,TA,TA,,,
,,BrkFace,312.0,TA,TA,Av,Rec,Unf,TA,Attchd,1969.0,RFn,TA,TA,,,
60.0,,,0.0,TA,TA,No,Unf,Unf,,Detchd,1971.0,Unf,TA,TA,,,
65.0,,BrkFace,258.0,Gd,TA,No,GLQ,Unf,Fa,Attchd,1994.0,RFn,TA,TA,,,
,,,0.0,TA,TA,No,Rec,Unf,TA,,,,,,,GdWo,
67.0,,,0.0,,,,,,,Detchd,2002.0,Fin,TA,TA,,MnPrv,
60.0,,,0.0,TA,TA,No,Unf,Unf,TA,Attchd,1999.0,Fin,TA,TA,,,
,,BrkFace,138.0,TA,TA,No,ALQ,Unf,,Attchd,1972.0,Fin,TA,TA,,,
65.0,,,0.0,Gd,Gd,No,Unf,Unf,,Attchd,2006.0,RFn,TA,TA,,,
98.0,,BrkFace,975.0,Gd,TA,No,GLQ,Unf,TA,Attchd,1998.0,Fin,TA,TA,,,
75.0,,,0.0,TA,TA,Mn,BLQ,Unf,,Attchd,1965.0,Unf,TA,TA,,,
